,Simbol,Preu,Nom,Numero,Oferta circulant,Volum 24 hores,Cap de mercat
0,BTC,$5606.93,Bitcoin,1,"16,621,187","$3,642,370,000","$93,193,832,026"
1,ETH,$340.62,Ethereum,2,"95,091,771","$1,321,100,000","$32,390,254,012"
2,XRP,$0.259711,Ripple,3,"38,600,451,446*","$412,071,000","$10,024,961,845"
3,BCH,$319.40,Bitcoin Cash,4,"16,699,738","$287,612,000","$5,333,829,359"
4,LTC,$58.69,Litecoin,5,"53,358,332","$382,570,000","$3,131,488,474"
5,DASH,$309.79,Dash,6,"7,619,490","$67,347,800","$2,360,464,647"
6,XEM,$0.205971,NEM,7,"8,999,999,999*","$5,855,930","$1,853,739,000"
7,XMR,$94.53,Monero,8,"15,212,581","$63,655,600","$1,438,060,532"
8,NEO,$28.73,NEO,9,"50,000,000*","$79,893,100","$1,436,665,000"
9,BCC,$195.32,BitConnect,10,"7,164,925","$17,582,500","$1,399,488,906"
10,MIOTA,$0.437936,IOTA,11,"2,779,530,283*","$16,153,600","$1,217,256,374"
11,ETC,$12.27,Ethereum Classic,12,"96,432,679","$80,825,300","$1,183,093,966"
12,ADA,$0.033716,Cardano,13,"25,927,070,538*","$14,350,500","$874,164,888"
13,OMG,$8.34,OmiseGO,14,"98,312,024*","$34,450,800","$820,138,567"
14,QTUM,$10.92,Qtum,15,"59,000,000*","$44,934,600","$644,020,400"
15,ZEC,$239.48,Zcash,16,"2,391,569","$62,472,400","$572,735,276"
16,LSK,$4.89,Lisk,17,"113,495,790*","$11,952,600","$555,433,642"
17,USDT,$1.00,Tether,18,"437,061,577*","$320,606,000","$437,813,323"
18,WAVES,$3.98,Waves,19,"100,000,000*","$6,802,600","$398,167,000"
19,HSR,$10.52,Hshare,20,"33,720,266","$19,831,400","$354,723,706"
20,STRAT,$3.15,Stratis,21,"98,580,689*","$8,171,620","$310,958,983"
21,XLM,$0.017838,Stellar Lumens,22,"16,587,642,975*","$10,559,900","$295,893,693"
22,MONA,$4.78,MonaCoin,23,"54,599,225","$90,491,300","$261,145,909"
23,BCN,$0.001397,Bytecoin,24,"183,253,534,612","$2,355,810","$256,040,006"
24,ARK,$2.60,Ark,25,"97,981,284*","$2,766,040","$255,093,293"
25,STEEM,$0.990914,Steem,26,"243,738,427","$1,560,190","$241,523,820"
26,EOS,$0.587305,EOS,27,"402,595,139*","$8,688,780","$236,446,138"
27,ARDR,$0.224484,Ardor,28,"998,999,495*","$3,308,440","$224,259,403"
28,GAS,$24.44,Gas,29,"8,575,349*","$1,264,320","$209,619,250"
29,PAY,$1.98,TenX,30,"104,661,310*","$3,058,440","$207,269,165"
30,REP,$18.31,Augur,31,"11,000,000*","$1,257,820","$201,412,200"
31,PIVX,$3.65,PIVX,32,"54,477,056*","$1,142,040","$198,888,648"
32,KMD,$1.89,Komodo,33,"100,945,510","$1,572,730","$191,210,985"
33,MAID,$0.397666,MaidSafeCoin,34,"452,552,412*","$3,364,820","$179,964,707"
34,SALT,$3.24,SALT,35,"54,675,000*","$2,653,460","$177,172,151"
35,GNT,$0.209552,Golem,36,"833,032,000*","$2,595,390","$174,563,522"
36,BAT,$0.174221,Basic Attenti...,37,"1,000,000,000*","$4,483,620","$174,221,000"
37,DCR,$27.52,Decred,38,"5,949,205","$880,120","$163,728,674"
38,FRST,$13.51,FirstCoin,39,"11,962,719","$2,977,500","$161,612,743"
39,KNC,$1.14,Kyber Network,40,"137,995,600*","$3,910,240","$157,114,890"
40,VERI,$77.09,Veritaseum,41,"2,016,034*","$383,176","$155,409,442"
41,LINK,$0.433734,ChainLink,42,"350,000,000*","$7,726,930","$151,806,900"
42,MTL,$7.63,Metal,43,"19,300,994*","$2,214,780","$147,199,224"
43,ICN,$1.47,Iconomi,44,"99,900,350*","$1,511,570","$146,601,765"
44,BNB,$1.46,Binance Coin,45,"100,000,000*","$5,733,120","$145,825,000"
45,FCT,$16.59,Factom,46,"8,745,102*","$2,744,370","$145,109,227"
46,WTC,$5.69,Walton,47,"24,898,178*","$16,596,600","$141,761,511"
47,BTS,$0.053960,BitShares,48,"2,600,460,000*","$6,496,610","$140,321,602"
48,DGD,$69.77,DigixDAO,49,"2,000,000*","$301,937","$139,537,000"
49,TRX,$0.002115,TRON,50,"65,394,999,999*","$182,055","$138,296,692"
50,SC,$0.004216,Siacoin,51,"30,076,709,297","$2,931,780","$126,807,617"
51,PPT,$3.03,Populous,52,"41,252,246*","$259,209","$124,804,545"
52,DOGE,$0.001044,Dogecoin,53,"111,476,616,876","$6,900,440","$116,381,588"
53,GAME,$1.79,GameCredits,54,"64,355,352","$1,497,040","$115,337,662"
54,BLOCK,$23.43,Blocknet,55,"4,839,706*","$127,652","$113,399,627"
55,CVC,$0.329291,Civic,56,"340,200,000*","$1,940,720","$112,024,798"
56,BTCD,$86.89,BitcoinDark,57,"1,288,862","$567,850","$111,990,266"
57,GNO,$99.29,Gnosis,58,"1,104,590*","$825,570","$109,669,770"
58,GBYTE,$178.73,Byteball Bytes,59,"583,896*","$397,715","$104,360,988"
59,MCAP,$2.72,MCAP,60,"38,295,641*","$721,698","$104,062,277"
60,ZRX,$0.205217,0x,61,"500,000,000*","$3,368,240","$102,608,500"
61,LKK,$0.380369,Lykke,62,"269,022,423*","$598,760","$102,327,790"
62,BNT,$2.44,Bancor,63,"40,772,871*","$1,305,180","$99,610,569"
63,REC,$35.28,Regalcoin,64,"2,810,000","$5,804,550","$99,140,734"
64,FUN,$0.024125,FunFair,65,"4,000,000,000*","$907,533","$96,500,000"
65,DGB,$0.009862,DigiByte,66,"8,742,253,657","$4,957,560","$86,219,428"
66,SNT,$0.024724,Status,67,"3,470,483,788*","$1,695,220","$85,803,894"
67,BTM,$0.084446,Bytom,68,"987,000,000*","$129,799","$83,348,301"
68,SYS,$0.157810,Syscoin,69,"528,153,361","$943,074","$83,347,882"
69,SNGLS,$0.134159,SingularDTV,70,"600,000,000*","$1,359,100","$80,495,400"
70,NXS,$1.48,Nexus,71,"53,064,407","$622,152","$78,710,435"
71,AE,$0.326896,Aeternity,72,"233,020,472*","$457,886","$76,173,460"
72,BDL,$0.469253,Bitdeal,73,"156,209,812","$422,450","$73,301,923"
73,MCO,$7.44,Monaco,74,"9,814,875*","$3,520,990","$72,991,166"
74,XVG,$0.005163,Verge,75,"14,107,973,349","$2,749,170","$72,836,927"
75,PURA,$0.421471,Pura,76,"171,471,497","$532,286","$72,270,263"
76,GXS,$1.70,GXShares,77,"40,510,000*","$2,012,880","$68,724,000"
77,ETP,$2.89,Metaverse ETP,78,"22,600,000","$14,453,700","$65,316,034"
78,KIN,$0.000086,Kin,79,"756,097,560,976*","$164,255","$64,699,495"
79,ANT,$1.95,Aragon,80,"32,832,390*","$5,132,450","$64,121,986"
80,ATM,$0.029208,ATMChain,81,"2,171,437,109*","$49,282","$63,422,249"
81,NXT,$0.062584,Nxt,82,"998,999,942*","$3,646,580","$62,521,612"
82,RBY,$2.48,Rubycoin,83,"24,866,638*","$9,198,730","$61,548,163"
83,CTR,$0.878539,Centra,84,"68,000,000*","$945,472","$59,740,652"
84,VEN,$0.207241,VeChain,85,"278,708,913*","$612,072","$57,759,914"
85,ADX,$0.892205,AdEx,86,"56,275,759*","$5,294,890","$50,209,514"
86,IOC,$3.03,I/O Coin,87,"16,372,568*","$242,436","$49,676,009"
87,LRC,$0.172532,Loopring,88,"286,170,756*","$789,805","$49,373,613"
88,PART,$6.36,Particl,89,"7,736,068*","$192,120","$49,233,341"
89,VTC,$1.20,Vertcoin,90,"40,287,500","$1,902,730","$48,375,619"
90,UBQ,$1.21,Ubiq,91,"38,336,671","$371,790","$46,409,990"
91,TAAS,$5.43,TaaS,92,"8,146,001*","$374,559","$44,192,624"
92,MLN,$73.56,Melon,93,"599,400*","$497,227","$44,090,665"
93,DCN,$0.000145,Dentacoin,94,"303,095,254,787*","$40,774","$43,804,842"
94,STORJ,$0.439810,Storj,95,"99,348,204*","$511,561","$43,694,333"
95,WINGS,$0.486959,Wings,96,"89,708,333*","$717,017","$43,684,280"
96,EDG,$0.517309,Edgeless,97,"82,046,288*","$1,287,160","$42,443,283"
97,BQX,$0.590025,Bitquence,98,"71,637,960*","$517,390","$42,268,188"
98,SNM,$0.114628,SONM,99,"359,600,000*","$977,981","$41,220,229"
99,RLC,$0.514101,iExec RLC,100,"79,070,793*","$197,631","$40,650,374"
100,NAV,$0.647761,NAV Coin,101,"61,887,808*","$714,707","$40,088,508"
101,ATB,$0.990611,ATBCoin,102,"38,304,926","$32,857","$37,945,281"
102,MGO,$0.381930,MobileGo,103,"98,028,887*","$322,612","$37,440,173"
103,NLG,$0.098485,Gulden,104,"354,374,045","$222,339","$34,900,563"
104,FAIR,$0.635120,FairCoin,105,"53,193,831*","$35,946","$33,784,466"
105,SPRTS,$0.000044,Sprouts,106,"754,715,702,147*","$1,614","$33,408,547"
106,CND,$0.022077,Cindicator,107,"1,445,976,590*","$973,949","$31,922,681"
107,PPC,$1.30,Peercoin,108,"24,381,878","$883,608","$31,580,871"
108,NLC2,$0.152750,NoLimitCoin,109,"203,924,800*","$100,709","$31,149,513"
109,CLOAK,$6.04,CloakCoin,110,"5,115,725*","$320,337","$30,900,924"
110,XZC,$9.62,ZCoin,111,"3,204,052","$1,013,220","$30,808,054"
111,RDD,$0.001069,ReddCoin,112,"28,641,735,598*","$840,620","$30,604,840"
112,KICK,$0.095298,KickCoin,113,"321,137,782*","$99,042","$30,603,756"
113,RISE,$0.263900,Rise,114,"113,139,200*","$582,638","$29,857,435"
114,AEON,$2.01,Aeon,115,"14,651,140","$426,200","$29,491,281"
115,XEL,$0.336104,Elastic,116,"86,976,062*","$646,719","$29,233,002"
116,CFI,$0.087946,Cofound.it,117,"325,000,000*","$275,349","$28,582,483"
117,TKN,$1.20,TokenCard,118,"23,644,056*","$332,508","$28,309,265"
118,QRL,$0.524631,Quantum Resis...,119,"52,000,000*","$322,171","$27,280,812"
119,MDA,$1.36,Moeda Loyalty...,120,"19,628,888*","$794,307","$26,602,639"
120,NEBL,$2.12,Neblio,121,"12,458,316*","$142,220","$26,428,822"
121,DMD,$10.27,Diamond,122,"2,465,863","$90,215","$25,336,497"
122,CMP,$5.82,Compcoin,123,"4,286,590","$192,351","$24,955,112"
123,XAS,$0.330372,Asch,124,"75,000,000","$22,446","$24,777,900"
124,CREDO,$0.044533,Credo,125,"549,891,703*","$15,365","$24,488,547"
125,TRST,$0.264720,WeTrust,126,"92,147,500*","$422,425","$24,393,286"
126,XRL,$0.285351,Rialto,127,"85,000,000*","$32,024","$24,254,835"
127,XCP,$9.18,Counterparty,128,"2,617,622*","$350,824","$24,041,055"
128,MTH,$0.109099,Monetha,129,"216,819,832*","$1,001,800","$23,654,827"
129,BMC,$0.779176,Blackmoon Crypto,130,"30,049,251*","$571,280","$23,413,655"
130,UNITY,$28.46,SuperNET,131,"816,061*","$4,434","$23,221,662"
131,1ST,$0.269477,FirstBlood,132,"85,558,371*","$496,139","$23,056,013"
132,TNT,$0.054371,Tierion,133,"422,513,667*","$334,576","$22,972,406"
133,EVX,$1.39,Everex,134,"16,500,000*","$801,678","$22,914,540"
134,VIA,$0.986473,Viacoin,135,"22,855,614","$764,812","$22,546,446"
135,DCT,$0.434243,DECENT,136,"51,306,089*","$149,423","$22,279,310"
136,TCC,$0.134869,The ChampCoin,137,"164,925,727*","$293,101","$22,243,368"
137,BAY,$0.022040,BitBay,138,"1,007,781,447*","$74,612","$22,211,906"
138,CDT,$0.039677,CoinDash,139,"555,015,474*","$769,092","$22,021,515"
139,SUB,$0.097203,Substratum,140,"226,091,449*","$772,633","$21,976,744"
140,SIB,$1.41,SIBCoin,141,"15,611,325","$180,545","$21,958,734"
141,EMC,$0.527906,Emercoin,142,"40,842,512","$161,217","$21,561,007"
142,PPP,$0.258558,PayPie,143,"82,500,000*","$140,398","$21,331,035"
143,ION,$1.26,ION,144,"16,882,708*","$51,228","$21,190,837"
144,XAUR,$0.166263,Xaurum,145,"127,109,380*","$99,502","$21,133,587"
145,XPA,$0.020380,XPlay,146,"1,000,000,000*","$108,464","$20,379,700"
146,PTOY,$0.286345,Patientory,147,"70,000,000*","$842,801","$20,044,150"
147,ADT,$0.033011,adToken,148,"600,000,000*","$74,773","$19,806,420"
148,EMC2,$0.090868,Einsteinium,149,"214,739,872","$3,039,610","$19,513,069"
149,DNT,$0.032432,district0x,150,"600,000,000*","$412,920","$19,459,140"
150,TGT,$0.020182,Target Coin,151,"952,429,892*","$3,039","$19,221,750"
151,CRW,$1.23,Crown,152,"15,596,859","$92,800","$19,199,577"
152,DICE,$2.71,Etheroll,153,"7,001,623*","$41,365","$19,001,494"
153,PPY,$4.94,Peerplays,154,"3,815,192*","$2,220","$18,862,193"
154,LEO,$0.203816,LEOcoin,155,"91,611,741*","$22,383","$18,671,939"
155,SAFEX,$0.008653,Safe Exchange...,156,"2,147,483,647*","$221,985","$18,581,360"
156,SMART,$0.027971,SmartCash,157,"663,080,288*","$30,749","$18,547,019"
157,SKY,$3.09,Skycoin,158,"5,933,198*","$8,160","$18,338,922"
158,MANA,$0.008040,Decentraland,159,"2,273,755,650*","$278,778","$18,280,745"
159,PEPECASH,$0.025431,Pepe Cash,160,"701,884,009*","$347,811","$17,849,963"
160,STX,$0.599016,Stox,161,"29,600,000*","$759,159","$17,730,874"
161,CLAM,$6.62,Clams,162,"2,660,606*","$19,807,100","$17,613,078"
162,MSP,$0.125349,Mothership,163,"140,000,000*","$138,917","$17,548,860"
163,NMC,$1.18,Namecoin,164,"14,736,400","$192,368","$17,400,299"
164,NMR,$13.62,Numeraire,165,"1,248,667*","$536,526","$17,012,717"
165,VIB,$0.141296,Viberate,166,"120,000,000*","$76,540","$16,955,520"
166,LBC,$0.157843,LBRY Credits,167,"104,394,945","$923,949","$16,478,011"
167,AVT,$2.73,Aventus,168,"6,000,000*","$2,352,490","$16,381,080"
168,SAN,$0.291371,Santiment Net...,169,"55,967,968*","$615,871","$16,307,443"
169,ZEN,$7.30,ZenCash,170,"2,229,310","$1,103,780","$16,263,217"
170,ECN,$3.72,E-coin,171,"4,222,256","$42,297","$15,700,333"
171,OMNI,$27.79,Omni,172,"559,918*","$5,115,770","$15,558,783"
172,UNO,$77.57,Unobtanium,173,"197,827","$396,029","$15,345,204"
173,PLR,$0.066663,Pillar,174,"227,384,800*","$42,878","$15,158,107"
174,TIME,$20.72,Chronobank,175,"710,113*","$894,243","$14,712,614"
175,PLBT,$3.85,Polybius,176,"3,808,454*","$32,672","$14,645,599"
176,POE,$0.006745,Po.et,177,"2,136,283,004*","$227,535","$14,410,147"
177,POT,$0.065161,PotCoin,178,"218,251,117","$133,688","$14,221,396"
178,GRC,$0.035844,GridCoin,179,"390,312,753","$548,092","$13,990,526"
179,MUE,$0.110649,MonetaryUnit,180,"126,038,390","$194,880","$13,946,022"
180,EXP,$1.76,Expanse,181,"7,906,397","$262,352","$13,905,138"
181,DLT,$0.159454,Agrello,182,"85,978,873*","$21,520","$13,709,675"
182,OK,$0.186623,OKCash,183,"73,028,599*","$915,492","$13,628,816"
183,KORE,$6.64,Kore,184,"2,021,205*","$992,019","$13,417,930"
184,QAU,$0.168636,Quantum,185,"79,522,355*","$55,413","$13,410,332"
185,HMQ,$0.082048,Humaniq,186,"162,858,880*","$230,239","$13,362,245"
186,RVT,$0.501851,Rivetz,187,"26,244,468*","$20,437","$13,170,813"
187,BLK,$0.171542,BlackCoin,188,"76,427,221*","$340,336","$13,110,478"
188,LUN,$5.64,Lunyr,189,"2,297,853*","$384,647","$12,952,423"
189,TRIG,$0.403089,Triggers,190,"32,105,578*","$516,945","$12,941,405"
190,GOLOS,$0.103417,Golos,191,"124,518,891","$279,227","$12,877,370"
191,BCAP,$1.29,BCAP,192,"10,000,000*","$33,829","$12,873,200"
192,SLS,$12.79,SaluS,193,"1,004,404*","$5,835","$12,846,725"
193,TOA,$0.007367,ToaCoin,194,"1,715,653,447","$32,978","$12,639,408"
194,NXC,$0.188046,Nexium,195,"66,521,586*","$284,961","$12,509,118"
195,VOISE,$0.019382,Voise,196,"643,012,000*","$200,800","$12,463,051"
196,PST,$0.233659,Primas,197,"51,200,000*","$17,077","$11,963,341"
197,INCNT,$0.258217,Incent,198,"46,016,625*","$2,763,010","$11,882,275"
198,ENRG,$0.097888,Energycoin,199,"121,299,295","$105,703","$11,873,733"
199,RADS,$3.51,Radium,200,"3,365,771*","$84,810","$11,830,214"
200,MYST,$0.607412,Mysterium,201,"19,429,024*","$210,004","$11,801,422"
201,PZM,$1.22,PRIZM,202,"9,562,994*","$8,380","$11,620,376"
202,SWT,$1.51,Swarm City,203,"7,648,022*","$41,625","$11,524,422"
203,AGRS,$0.272547,Agoras Tokens,204,"42,000,000*","$75,661","$11,446,974"
204,XRB,$0.091373,RaiBlocks,205,"124,276,296","$137,147","$11,355,448"
205,BURST,$0.006181,Burst,206,"1,800,339,818","$366,793","$11,127,414"
206,SHIFT,$0.971420,Shift,207,"11,288,753*","$132,793","$10,966,121"
207,OAX,$0.438277,OAX,208,"25,009,250*","$146,101","$10,960,979"
208,IFT,$0.056963,InvestFeed,209,"191,381,257*","$63,909","$10,901,574"
209,GAM,$8.99,Gambit,210,"1,195,433*","$52,755","$10,748,439"
210,CSC,$0.277578,CasinoCoin,211,"38,601,187","$78,428","$10,714,840"
211,GUP,$0.141390,Matchpool,212,"75,000,000*","$434,562","$10,604,250"
212,AMP,$0.128170,Synereo,213,"82,256,324*","$394,832","$10,542,793"
213,CSNO,$0.149426,BitDice,214,"70,000,000*","$42,296","$10,459,820"
214,LMC,$0.046490,LoMoCoin,215,"217,438,850*","$360,492","$10,108,754"
215,FLO,$0.072597,FlorinCoin,216,"138,609,229","$262,768","$10,062,573"
216,DTB,$0.442023,Databits,217,"22,747,809*","$26,396","$10,055,055"
217,SOAR,$0.013093,Soarcoin,218,"763,073,048*","$2,305","$9,991,297"
218,VRC,$0.324559,VeriCoin,219,"30,398,816","$202,401","$9,866,209"
219,AIR,$0.009384,AirToken,220,"1,050,000,000*","$133,283","$9,853,683"
220,XDN,$0.001407,DigitalNote,221,"6,885,695,758","$3,573,770","$9,687,692"
221,MOON,$0.000043,Mooncoin,222,"222,391,109,843","$12,936","$9,525,790"
222,XC,$1.60,XCurrency,223,"5,854,698*","$13,736","$9,343,278"
223,JINN,$157.74,Jinn,224,"58,703*",$631,"$9,259,635"
224,EDR,$0.010445,E-Dinar Coin,225,"886,211,988","$632,076","$9,256,839"
225,DIME,$0.000017,Dimecoin,226,"535,761,937,040","$5,854","$9,231,607"
226,WGR,$0.049304,Wagerr,227,"183,000,000*","$128,875","$9,022,614"
227,NVST,$0.590345,NVO,228,"15,000,000*","$3,561","$8,855,175"
228,BET,$0.077866,DAO.Casino,229,"109,942,758*","$18,870","$8,560,748"
229,BSD,$0.502168,BitSend,230,"16,790,500","$79,970","$8,431,652"
230,CNT,$0.112882,Centurion,231,"71,972,560","$23,658","$8,124,406"
231,SPHR,$2.58,Sphere,232,"3,082,940*","$35,347","$7,946,833"
232,PLU,$9.35,Pluton,233,"850,000*","$67,229","$7,946,815"
233,XSPEC,$0.386512,Spectrecoin,234,"20,446,404*","$23,141","$7,902,781"
234,VSL,$0.236581,vSlice,235,"33,390,496*","$177,815","$7,899,557"
235,VOX,$0.037180,Voxels,236,"210,000,000*","$87,256","$7,807,842"
236,NEOS,$2.18,NeosCoin,237,"3,524,159","$269,061","$7,677,063"
237,ECOB,$0.016975,Ecobit,238,"444,444,444*","$3,148","$7,544,267"
238,IXT,$0.209097,iXledger,239,"35,778,844*","$56,391","$7,481,249"
239,VIBE,$0.044460,VIBE,240,"165,944,230*","$63,819","$7,377,847"
240,WCT,$0.738145,Waves Communi...,241,"9,993,840*","$29,367","$7,376,903"
241,MUSIC,$0.019280,Musicoin,242,"382,614,966","$150,863","$7,376,625"
242,OBITS,$0.463505,OBITS,243,"15,819,400*","$8,441","$7,332,371"
243,FTC,$0.040652,Feathercoin,244,"178,325,400","$70,865","$7,249,284"
244,PGL,$0.110525,Prospectors Gold,245,"64,500,000*","$1,140","$7,128,863"
245,EMB,$0.000090,EmberCoin,246,"78,324,745,312*","$20,937","$7,057,717"
246,UNY,$0.034909,Unity Ingot,247,"202,000,000*","$75,453","$7,051,618"
247,PIX,$0.061841,Lampix,248,"113,322,017*","$25,617","$7,007,913"
248,SLR,$0.188825,SolarCoin,249,"36,731,138*","$67,215","$6,935,757"
249,ODN,$0.281629,Obsidian,250,"24,400,000*","$181,229","$6,871,748"
250,HTML5,$0.000167,HTMLCOIN,251,"40,659,020,000","$33,558","$6,807,662"
251,BCY,$0.292690,Bitcrystals,252,"23,233,059*","$642,497","$6,800,084"
252,NET,$0.641815,Nimiq,253,"10,500,000*","$190,495","$6,739,058"
253,ALIS,$0.176876,ALIS,254,"37,852,608*","$262,612","$6,695,218"
254,PINK,$0.018387,PinkCoin,255,"363,770,000","$129,579","$6,688,566"
255,HEAT,$0.224750,HEAT,256,"29,430,440*","$2,276","$6,614,491"
256,BTX,$6.11,Bitcore,257,"1,079,794","$26,755","$6,598,100"
257,NVC,$3.49,Novacoin,258,"1,867,052","$74,743","$6,520,158"
258,GRS,$0.094849,Groestlcoin,259,"68,582,474","$109,425","$6,504,945"
259,REAL,$0.644356,REAL,260,"10,055,817*","$23,260","$6,479,526"
260,TIX,$0.157661,Blocktix,261,"40,000,000*","$5,042","$6,306,440"
261,GCC,$0.012644,TheGCCcoin,262,"492,319,770*","$1,933","$6,224,842"
262,ATCC,$0.590105,ATC Coin,263,"10,525,960*","$377,907","$6,211,422"
263,XBY,$0.014575,XTRABYTES,264,"425,500,000*","$17,340","$6,201,748"
264,PDC,$0.118066,Project Decorum,265,"50,000,000*","$68,445","$5,903,300"
265,HVN,$0.015719,Hive,266,"375,000,000*","$36,513","$5,894,475"
266,ABY,$0.007415,ArtByte,267,"792,537,250","$82,778","$5,876,410"
267,BITB,$0.002698,BitBean,268,"2,167,394,000*","$49,632","$5,847,000"
268,BITCNY,$0.146066,bitCNY,269,"39,937,100*","$475,652","$5,833,452"
269,AUR,$0.661601,Auroracoin,270,"8,658,139","$37,144","$5,728,234"
270,XWC,$0.022759,WhiteCoin,271,"248,398,757*","$90,206","$5,653,332"
271,MYB,$2.10,MyBit Token,272,"2,616,334*","$5,918","$5,505,158"
272,TRC,$0.256617,Terracoin,273,"21,380,350","$22,822","$5,486,561"
273,CADASTRAL,$0.180705,Bitland,274,"30,000,000*","$1,955","$5,421,150"
274,IOP,$2.92,Internet of P...,275,"1,816,107","$1,631,670","$5,302,978"
275,SEQ,$0.116662,Sequence,276,"45,057,586","$32,836","$5,256,508"
276,RAIN,$0.061017,Condensate,277,"85,860,712","$26,805","$5,238,972"
277,CRB,$0.315014,Creditbit,278,"16,501,407*","$277,607","$5,198,174"
278,DBIX,$3.91,DubaiCoin,279,"1,307,491","$56,453","$5,110,474"
279,PBT,$5065.07,Primalbase Token,280,"1,000*","$10,162","$5,065,070"
280,CURE,$0.212902,Curecoin,281,"23,784,141","$38,692","$5,063,691"
281,CAT,$0.677442,BlockCAT,282,"7,360,121*","$28,093","$4,986,055"
282,FLDC,$0.009265,FoldingCoin,283,"524,682,737*","$495,410","$4,861,290"
283,GLD,$0.118997,GoldCoin,284,"40,558,204","$50,542","$4,826,305"
284,XBC,$46.80,Bitcoin Plus,285,"101,647*","$95,786","$4,756,985"
285,NTRN,$0.150928,Neutron,286,"31,415,954*","$13,891","$4,741,547"
286,QWARK,$0.124641,Qwark,287,"37,401,956*","$96,534","$4,661,817"
287,ETT,$0.074706,EncryptoTel [...,288,"62,131,190*","$1,363","$4,641,604"
288,POSW,$0.104554,PoSW Coin,289,"44,100,000*","$64,726","$4,610,831"
289,NOTE,$0.036001,DNotes,290,"127,975,060","$72,745","$4,607,230"
290,GCR,$0.044541,Global Curren...,291,"103,265,214*","$30,223","$4,599,515"
291,PTC,$0.034517,Pesetacoin,292,"131,032,304","$39,596","$4,522,842"
292,SPR,$0.504530,SpreadCoin,293,"8,913,502","$1,252,050","$4,497,129"
293,GEO,$1.38,GeoCoin,294,"3,250,811","$702,917","$4,478,675"
294,PRO,$0.316833,Propy,295,"14,057,212*","$80,261","$4,453,789"
295,VRM,$3.30,VeriumReserve,296,"1,318,933","$278,589","$4,356,766"
296,XVC,$0.284446,Vcash,297,"15,254,447","$80,740","$4,339,067"
297,TFL,$0.680636,TrueFlip,298,"6,247,267*","$43,440","$4,252,115"
298,ECC,$0.000169,E-Currency Coin,299,"25,000,000,000","$3,395","$4,214,650"
299,XST,$0.155166,Stealthcoin,300,"27,134,364","$45,909","$4,210,331"
300,EXCL,$0.969878,ExclusiveCoin,301,"4,279,242","$37,510","$4,150,343"
301,ERC,$0.417363,EuropeCoin,302,"9,931,447","$75,781","$4,145,019"
302,BLITZ,$1.00,Blitzcash,303,"4,096,504*","$70,597","$4,114,201"
303,COVAL,$0.004102,Circuits of V...,304,"1,000,000,000*","$88,008","$4,102,260"
304,SNRG,$1.31,Synergy,305,"3,110,033*","$29,241","$4,086,552"
305,HBT,$0.182743,Hubii Network,306,"22,261,249*","$12,767","$4,068,087"
306,WBB,$1.67,Wild Beast Block,307,"2,433,773","$2,003","$4,063,549"
307,ZRC,$1.12,ZrCoin,308,"3,630,790*","$33,547","$4,051,816"
308,OCT,$0.133443,OracleChain,309,"30,000,000*","$6,340","$4,003,290"
309,BELA,$0.103684,Bela,310,"38,031,950","$39,260","$3,943,305"
310,DENT,$0.000366,Dent,311,"10,614,760,961*","$12,789","$3,880,948"
311,EQT,$0.404272,EquiTrader,312,"9,514,689","$19,788","$3,846,522"
312,VISIO,$0.075557,Visio,313,"50,781,871*","$7,468","$3,836,906"
313,BCO,$0.156509,BridgeCoin,314,"24,362,368","$34,024","$3,812,930"
314,DYN,$2.08,Dynamic,315,"1,825,414*","$60,678","$3,797,299"
315,TRUST,$0.118010,TrustPlus,316,"32,086,595*","$167,483","$3,786,539"
316,OPT,$0.026951,Opus,317,"140,080,549*","$6,802","$3,775,311"
317,SWIFT,$0.927560,Bitswift,318,"4,067,347*","$162,519","$3,772,709"
318,ZEIT,$0.000099,Zeitcoin,319,"36,971,143,110","$2,434","$3,664,062"
319,HUSH,$1.63,Hush,320,"2,242,500","$32,113","$3,656,508"
320,SNC,$0.033940,SunContract,321,"107,712,011*","$274,126","$3,655,724"
321,PASC,$0.258274,Pascal Coin,322,"14,149,900","$38,725","$3,654,551"
322,BIS,$0.735604,Bismuth,323,"4,886,565","$40,218","$3,594,577"
323,APX,$5.10,APX,324,"703,179*","$47,940","$3,587,837"
324,ONION,$1.00,DeepOnion,325,"3,533,657","$42,349","$3,538,816"
325,SCL,$0.207326,Social,326,"16,714,020*","$11,990","$3,465,251"
326,CVCOIN,$0.416111,CVCoin,327,"8,157,653*","$4,796","$3,394,489"
327,SBD,$0.947582,Steem Dollars,328,"3,501,625*","$65,293","$3,318,076"
328,CRAVE,$2.36,Crave,329,"1,396,778*","$82,399","$3,294,874"
329,SYNX,$0.208252,Syndicate,330,"15,629,920*","$37,619","$3,254,962"
330,COSS,$0.162775,COSS,331,"19,612,208*","$1,525,000","$3,192,377"
331,CHC,$0.202123,ChainCoin,332,"15,751,712","$9,647","$3,183,783"
332,XMY,$0.002080,Myriad,333,"1,520,402,250","$20,389","$3,162,543"
333,DOPE,$0.028323,DopeCoin,334,"111,085,648*","$96,608","$3,146,312"
334,THC,$0.013768,HempCoin,335,"227,489,313","$48,885","$3,132,050"
335,VASH,$0.007742,VPNCoin,336,"400,339,746*","$3,982,310","$3,099,450"
336,PUT,$0.015140,PutinCoin,337,"200,698,864","$6,105","$3,038,561"
337,TX,$0.493216,TransferCoin,338,"6,158,646*","$34,386","$3,037,543"
338,ZCL,$1.67,ZClassic,339,"1,809,800","$103,563","$3,016,846"
339,BLU,$0.005233,BlueCoin,340,"574,683,675","$6,058","$3,007,366"
340,EGC,$0.224285,EverGreenCoin,341,"13,321,301","$37,669","$2,987,768"
341,MBRS,$0.057484,Embers,342,"50,000,000*","$3,609","$2,874,220"
342,BITUSD,$0.920044,bitUSD,343,"3,104,920*","$167,398","$2,856,663"
343,2GIVE,$0.005506,2GIVE,344,"516,512,970","$20,957","$2,843,936"
344,MINT,$0.000113,Mintcoin,345,"24,914,071,779*","$1,248","$2,811,229"
345,BRX,$0.438313,Breakout Stake,346,"6,268,082*","$77,416","$2,747,382"
346,BTM,$0.381545,Bitmark,347,"6,837,980","$11,176","$2,608,997"
347,MEME,$0.157922,Memetic,348,"16,458,796","$88,038","$2,599,206"
348,RMC,$1.30,Remicoin,349,"1,979,224*","$3,013","$2,569,250"
349,XPM,$0.118996,Primecoin,350,"20,945,390","$513,788","$2,492,418"
350,NDC,$0.058422,NEVERDIE,351,"41,004,100*","$32,423","$2,395,533"
351,PKB,$0.500733,ParkByte,352,"4,764,026*","$2,975,990","$2,385,505"
352,VTR,$0.219387,vTorrent,353,"10,815,966","$241,334","$2,372,882"
353,B3,$0.009138,B3Coin,354,"256,852,190","$36,273","$2,347,118"
354,STA,$0.461527,Starta,355,"5,063,287*","$9,832","$2,336,844"
355,ESP,$0.000113,Espers,356,"20,677,819,821","$11,631","$2,334,298"
356,MXT,$0.843322,MarteXcoin,357,"2,766,953","$5,149","$2,333,432"
357,ATMS,$0.022816,Atmos,358,"100,245,085*","$2,581","$2,287,222"
358,BRK,$0.123042,Breakout,359,"18,142,083","$67,994","$2,232,238"
359,CREA,$0.173729,Creativecoin,360,"12,546,192","$1,520","$2,179,637"
360,JNS,$0.095060,Janus,361,"22,638,595*","$1,250","$2,152,023"
361,TKS,$1.88,Tokes,362,"1,133,007*","$32,356","$2,134,336"
362,ZENI,$0.002126,Zennies,363,"1,000,812,836*","$8,042","$2,127,898"
363,CANN,$0.027470,CannabisCoin,364,"77,231,176","$49,350","$2,121,579"
364,PING,$0.210947,CryptoPing,365,"9,952,089*","$125,459","$2,099,363"
365,SIGT,$0.019343,Signatum,366,"107,972,766*","$27,713","$2,088,560"
366,SMLY,$0.000080,SmileyCoin,367,"25,960,250,000","$2,333","$2,066,662"
367,BASH,$0.002817,LuckChain,368,"710,650,818","$1,266","$2,001,818"
368,RIC,$0.050632,Riecoin,369,"38,011,275","$99,911","$1,924,587"
369,NAUT,$0.116942,NautilusCoin,370,"16,180,000*","$37,940","$1,892,122"
370,CBX,$1.84,Crypto Bullion,371,"1,002,739",$596,"$1,847,356"
371,WTT,$2.04,Giga Watt Token,372,"900,000*","$44,063","$1,833,237"
372,CHIPS,$0.112391,CHIPS,373,"16,272,383","$22,384","$1,828,869"
373,ELIX,$0.087182,Elixir,374,"20,949,372*","$68,865","$1,826,402"
374,EFL,$0.117229,e-Gulden,375,"15,494,635","$457,389","$1,816,421"
375,XMG,$0.240160,Magi,376,"7,484,357","$33,329","$1,797,443"
376,START,$0.039350,Startcoin,377,"45,079,785","$72,866","$1,773,908"
377,LINDA,$0.000287,Linda,378,"6,003,429,666","$13,838","$1,723,969"
378,REX,$0.198897,REX,379,"8,660,756*","$1,983","$1,722,598"
379,CCRB,$0.476914,CryptoCarbon,380,"3,562,111*","$22,648","$1,698,821"
380,HYP,$0.001629,HyperStake,381,"1,020,557,671*","$4,574","$1,662,223"
381,SXC,$0.013311,Sexcoin,382,"124,844,507","$7,757","$1,661,818"
382,808,$0.001798,808Coin,383,"910,624,824","$36,794","$1,637,586"
383,UNIFY,$0.091536,Unify,384,"17,734,000*","$17,453","$1,623,291"
384,MNE,$1.38,Minereum,385,"1,156,474*","$24,010","$1,592,372"
385,ICOO,$3.39,ICO OpenLedger,386,"465,858*","$1,239","$1,580,242"
386,OCL,$0.033358,Oceanlab,387,"46,500,000*","$12,454","$1,551,138"
387,LNK,$32.34,Link Platform,388,"47,503*","$1,683","$1,536,165"
388,MGC,$0.016091,MergeCoin,389,"95,000,000*","$414,303","$1,528,674"
389,DAR,$0.112399,Darcrus,390,"13,600,388*","$718,502","$1,528,670"
390,PND,$0.000047,Pandacoin,391,"32,514,916,898",$972,"$1,526,416"
391,VIVO,$3.50,VIVO,392,"428,057","$37,465","$1,496,090"
392,ADST,$0.120190,AdShares,393,"12,445,633*","$7,066","$1,495,841"
393,LGD,$0.746403,Legends Room,394,"2,000,000*","$76,287","$1,492,806"
394,HUC,$0.074290,HunterCoin,395,"19,604,690","$31,224","$1,456,436"
395,HPC,$0.117869,Happycoin,396,"12,258,750","$74,818","$1,444,927"
396,ETBS,$1.04,Ethbits,397,"1,391,604*","$2,124","$1,441,061"
397,EOT,$0.557821,EOT Token,398,"2,500,000*","$51,221","$1,394,553"
398,RNS,$0.040452,Renos,399,"33,356,077*","$5,700","$1,349,303"
399,MER,$0.013423,Mercury,400,"100,000,000*","$3,202","$1,342,320"
400,FST,$0.010430,Fastcoin,401,"126,000,000","$5,086","$1,314,167"
401,EAC,$0.000113,EarthCoin,402,"11,440,876,093","$1,322","$1,295,382"
402,1337,$0.000055,1337,403,"23,271,965,570*","$3,807","$1,280,489"
403,CV2,$0.000056,Colossuscoin V2,404,"22,675,835,087*","$1,118","$1,274,275"
404,MAO,$0.203258,Mao Zedong,405,"6,215,876","$1,609","$1,263,426"
405,INXT,$1.97,Internxt,406,"629,610*","$32,200","$1,238,240"
406,DOT,$0.004801,Dotcoin,407,"256,732,250*","$20,193","$1,232,543"
407,RUP,$0.055386,Rupee,408,"22,011,000","$18,235","$1,219,097"
408,ONX,$0.044056,Onix,409,"27,432,814","$20,441","$1,208,577"
409,ARC,$0.048833,ArcticCoin,410,"24,467,351","$75,818","$1,194,804"
410,INFX,$0.702257,Influxcoin,411,"1,673,383","$224,911","$1,175,145"
411,SKIN,$0.012893,SkinCoin,412,"88,183,483*","$25,705","$1,136,958"
412,HNC,$0.020511,Helleniccoin,413,"55,200,000","$1,591","$1,132,224"
413,IFLT,$0.000047,InflationCoin,414,"23,967,820,654*",$874,"$1,125,730"
414,MRT,$0.111854,Miners&#39; Rewar...,415,"10,000,000*","$17,128","$1,118,540"
415,ADZ,$0.024591,Adzcoin,416,"45,165,558","$1,658","$1,110,657"
416,IFC,$0.000012,Infinitecoin,417,"90,596,274,910","$1,277","$1,108,445"
417,XHI,$0.005727,HiCoin,418,"189,729,990","$53,518","$1,086,601"
418,XMCC,$0.476426,MonacoCoin,419,"2,274,220","$8,105","$1,083,497"
419,GRWI,$1.04,Growers Inter...,420,"1,044,467*","$2,565","$1,082,956"
420,BYC,$0.590163,Bytecent,421,"1,816,601","$146,373","$1,072,091"
421,CPC,$0.527035,Capricoin,422,"1,990,045*","$39,177","$1,048,823"
422,BRIT,$0.048097,BritCoin,423,"21,268,092","$1,265","$1,022,934"
423,NETKO,$0.252879,Netko,424,"4,000,465","$11,133","$1,011,634"
424,WDC,$0.008637,WorldCoin,425,"115,978,464","$4,395","$1,001,735"
425,USNBT,$1.01,NuBits,426,"960,923*","$85,683","$968,312"
426,CRM,$0.021214,Cream,427,"44,586,236","$1,792","$945,866"
427,ZCC,$0.015332,ZcCoin,428,"61,657,044","$674,881","$945,344"
428,XP,$0.000006,XP,429,"152,813,516,838","$3,838","$938,544"
429,EBTC,$0.045033,eBTC,430,"20,564,300*","$135,682","$926,070"
430,TES,$0.012639,TeslaCoin,431,"73,156,111","$3,477","$924,642"
431,STRC,$0.197920,StarCredits,432,"4,500,000*","$1,584","$890,640"
432,EBET,$0.102415,EthBet,433,"8,502,300*","$28,004","$870,763"
433,ETHD,$0.570802,Ethereum Dark,434,"1,500,000","$340,428","$856,203"
434,FIMK,$0.001461,FIMKrypto,435,"577,004,618*",$528,"$843,050"
435,MEC,$0.023415,Megacoin,436,"35,994,087","$6,192","$842,816"
436,INSN,$0.049833,InsaneCoin,437,"16,859,732","$3,846","$840,169"
437,POS,$1.44,PoSToken,438,"578,962*","$10,142","$835,835"
438,LDOGE,$0.000056,LiteDoge,439,"14,862,324,007*","$15,541","$834,885"
439,KOBO,$0.033688,Kobocoin,440,"24,700,248*","$1,060","$832,092"
440,DP,$0.049721,DigitalPrice,441,"16,590,174*","$10,000","$824,883"
441,TKR,$0.067880,Trackr,442,"12,079,528*","$10,681","$819,961"
442,FJC,$0.000722,FujiCoin,443,"1,135,004,032","$1,696","$819,543"
443,XFT,$0.176348,Footy Cash,444,"4,527,925","$1,498","$798,491"
444,NYC,$0.000006,NewYorkCoin,445,"129,032,781,759","$2,721","$785,905"
445,SUMO,$0.434620,Sumokoin,446,"1,805,447","$9,243","$784,683"
446,ZOI,$0.052888,Zoin,447,"14,286,700","$10,962","$755,599"
447,BRO,$0.130148,Bitradio,448,"5,741,998*","$1,854","$747,310"
448,KRB,$0.163216,Karbowanec,449,"4,529,111","$22,687","$739,223"
449,ZET,$0.004357,Zetacoin,450,"166,818,008",$843,"$726,824"
450,TZC,$0.009873,TrezarCoin,451,"73,563,200","$2,353","$726,312"
451,TYCHO,$0.143298,Tychocoin,452,"5,024,368","$17,415","$719,982"
452,DCY,$0.000506,Dinastycoin,453,"1,418,225,176","$1,751","$717,033"
453,BLAS,$0.002928,BlakeStar,454,"242,792,266","$79,521","$711,015"
454,XBL,$0.212671,Billionaire T...,455,"3,315,372*","$7,242","$705,083"
455,FAL,$3.56,Falcoin,456,"196,766","$662,320","$699,654"
456,BTA,$0.136867,Bata,457,"4,979,576","$41,100","$681,540"
457,CWXT,$0.011771,CryptoWorldX ...,458,"57,385,690*","$56,922","$675,464"
458,MOIN,$0.093487,Moin,459,"7,193,583*","$1,681","$672,509"
459,VSX,$0.006735,Vsync,460,"98,964,274","$2,205","$666,566"
460,TIPS,$0.000001,FedoraCoin,461,"443,168,182,458","$3,146","$664,602"
461,JET,$0.145016,Jetcoin,462,"4,371,787*","$11,562","$633,979"
462,NTO,$0.009550,Fujinto,463,"65,802,448*","$610,381","$628,430"
463,FCN,$0.101152,Fantomcoin,464,"6,190,179","$1,507","$626,149"
464,HTC,$0.000056,HitCoin,465,"10,996,318,099","$7,556","$617,941"
465,DDF,$0.119579,DigitalDevelo...,466,"5,118,307*","$5,703","$612,042"
466,PROC,$0.047489,ProCurrency,467,"12,815,205*","$36,156","$608,584"
467,CDN,$0.006217,Canada eCoin,468,"97,415,544","$1,021","$605,680"
468,SHORTY,$0.005788,Shorty,469,"100,000,000*","$1,463","$578,812"
469,NET,$0.000730,NetCoin,470,"787,126,712","$3,807","$574,991"
470,UNB,$0.241752,UnbreakableCoin,471,"2,278,150","$76,105","$550,747"
471,SUPER,$0.012281,SuperCoin,472,"44,424,691","$3,114","$545,584"
472,RLT,$0.051139,RouletteToken,473,"10,120,455*","$7,742","$517,548"
473,WGO,$0.051222,WavesGo,474,"9,985,510*",$501,"$511,476"
474,SHDW,$0.072038,Shadow Token,475,"7,000,000*","$1,173","$504,264"
475,DNR,$0.301382,Denarius,476,"1,664,326","$2,217","$501,598"
476,DAXX,$0.001006,DaxxCoin,477,"490,326,670","$2,656","$493,141"
477,UTC,$0.010471,UltraCoin,478,"44,211,793",$510,"$462,951"
478,TRI,$6.16,Triangles,479,"72,891","$2,590","$449,051"
479,XVP,$0.048993,Virtacoinplus,480,"9,134,750","$2,103","$447,539"
480,POST,$0.027781,PostCoin,481,"15,868,233*","$3,773","$440,842"
481,DAS,$0.168336,DAS,482,"2,592,239","$1,172","$436,367"
482,42,$10373.60,42-coin,483,41.999999,"$6,304","$435,691"
483,LINX,$0.047703,Linx,484,"8,849,200","$9,113","$422,130"
484,ZER,$0.241109,Zero,485,"1,700,900",$744,"$410,102"
485,NEWB,$0.008152,Newbium,486,"50,000,000*","$4,512","$407,594"
486,PIE,$0.014388,PIECoin,487,"27,729,999*","$1,176","$398,990"
487,SCORE,$0.012973,Scorecoin,488,"30,346,591","$10,895","$393,689"
488,FXE,$1.66,FuturXe,489,"235,421*","$76,175","$391,595"
489,XLR,$0.674344,Solaris,490,"566,190","$7,399","$381,807"
490,PAK,$0.008967,Pakcoin,491,"42,198,300",$740,"$378,382"
491,VLT,$0.680750,Veltor,492,"554,855","$1,253","$377,718"
492,RBIES,$0.035673,Rubies,493,"10,415,252*","$5,107","$371,546"
493,GCN,$0.000003,GCoin,494,"145,337,510,000",$696,"$366,912"
494,V,$0.000782,Version,495,"460,519,121",$694,"$360,278"
495,EMP,$0.038662,EMoneyPower,496,"9,200,000*","$1,781","$355,694"
496,DEM,$0.012577,Deutsche eMark,497,"27,793,416","$1,808","$349,566"
497,TRUMP,$0.052987,TrumpCoin,498,"6,545,414","$2,864","$346,824"
498,ENT,$0.084938,Eternity,499,"4,000,825",$799,"$339,822"
499,BITS,$0.013756,Bitstar,500,"23,079,737",$646,"$317,492"
500,DALC,$0.786748,Dalecoin,501,"400,000*","$11,568","$314,699"
501,OHM,$0.010284,OHM,502,"29,149,049*",$539,"$299,760"
502,ITZ,$0.415425,Interzone,503,"717,801","$14,779","$298,193"
503,TIT,$0.005876,Titcoin,504,"49,898,202",$682,"$293,202"
504,XCXT,$0.020564,CoinonatX,505,"13,829,205","$2,967","$284,381"
505,ATOM,$0.023101,Atomic Coin,506,"12,302,098","$1,229","$284,196"
506,ECA,$0.000014,Electra,507,"20,679,390,472",$601,"$280,497"
507,WOMEN,$0.011744,WomenCoin,508,"23,870,835","$5,615","$280,332"
508,FC2,$0.002754,FuelCoin,509,"101,578,626",$748,"$279,704"
509,BITBTC,$5866.04,bitBTC,510,47.5244*,"$52,549","$278,780"
510,ICE,$0.174359,iDice,511,"1,571,013*","$6,675","$273,920"
511,DSH,$0.015183,Dashcoin,512,"17,574,970",$597,"$266,834"
512,BRIA,$0.664490,BriaCoin,513,"392,404*","$7,428","$260,748"
513,MOJO,$0.021016,MojoCoin,514,"12,112,862*","$3,143","$254,559"
514,XPTX,$0.756852,PlatinumBAR,515,"326,234",$931,"$246,911"
515,HODL,$0.001686,HOdlcoin,516,"137,923,785",$652,"$232,520"
516,WYV,$0.137679,Wyvern,517,"1,608,743*",$554,"$221,490"
517,FRN,$0.056507,Francs,518,"3,867,080","$1,194","$218,515"
518,BLN,$0.020770,Bolenum,519,"10,000,000*","$4,934","$207,699"
519,XCS,$0.019556,CybCSec,520,"10,529,006*","$14,909","$205,905"
520,XRA,$0.001798,Ratecoin,521,"112,248,181*","$1,068","$201,846"
521,BOLI,$0.024502,Bolivarcoin,522,"7,861,575","$1,435","$192,622"
522,BBP,$0.000955,BiblePay,523,"198,474,925","$1,265","$189,607"
523,PR,$0.954213,Prototanium,524,"195,524",$605,"$186,571"
524,EL,$0.016615,Elcoin,525,"11,208,967*",$777,"$186,240"
525,LANA,$0.000225,LanaCoin,526,"817,766,614",$841,"$184,365"
526,RUPX,$0.030075,Rupaya,527,"6,016,720",$526,"$180,953"
527,DRACO,$0.001995,DT Token,528,"88,888,888*","$23,002","$177,351"
528,VUC,$0.002722,Virta Unique ...,529,"61,127,250","$2,083","$166,363"
529,MAY,$0.007161,Theresa May Coin,530,"21,419,600","$2,299","$153,393"
530,CTO,$0.013093,Crypto,531,"11,538,010","$1,404","$151,073"
531,BSTY,$0.011576,GlobalBoost-Y,532,"12,865,017",$809,"$148,932"
532,REE,$0.000055,ReeCoin,533,"2,560,000,000","$1,084","$140,422"
533,TSE,$0.001552,Tattoocoin (S...,534,"90,421,856*",$686,"$140,350"
534,TTC,$0.000111,TittieCoin,535,"1,259,816,434",$896,"$139,814"
535,CJ,$0.000343,Cryptojacks,536,"406,568,581",$580,"$139,287"
536,BERN,$0.001942,BERNcash,537,"71,234,301","$2,052","$138,338"
537,BLC,$0.008529,Blakecoin,538,"15,122,697",$778,"$128,976"
538,ZNY,$0.001686,Bitzeny,539,"75,614,500","$1,966","$127,475"
539,GB,$0.008038,GoldBlocks,540,"15,133,542",$661,"$121,646"
540,BITGOLD,$1350.80,bitGold,541,89.9694*,$983,"$121,531"
541,CCN,$0.025021,Cannacoin,542,"4,699,340",$667,"$117,581"
542,DLC,$0.012475,Dollarcoin,543,"9,106,714",$938,"$113,610"
543,BAS,$0.022503,BitAsean,544,"5,000,000*",$607,"$112,514"
544,XCO,$0.008538,X-Coin,545,"12,384,976*",$575,"$105,743"
545,ECO,$0.099918,EcoCoin,546,"1,040,304","$1,021","$103,945"
546,YAC,$0.000843,Yacoin,547,"119,064,960",$526,"$100,363"
547,PXI,$0.005699,Prime-XI,548,"16,967,780","$3,366","$96,704"
548,DGC,$0.003550,Digitalcoin,549,"26,899,174","$2,770","$95,486"
549,BTPL,$0.018041,Bitcoin Planet,550,"5,206,415",$877,"$93,930"
550,PRC,$0.006687,PRCoin,551,"13,933,200","$19,907","$93,175"
551,DRXNE,$0.001467,DROXNE,552,"60,641,272*","$1,214","$88,986"
552,BITEUR,$1.28,bitEUR,553,"66,801*","$1,027","$85,628"
553,TIX,$0.000001,Tickets,554,"66,876,281,414","$1,867","$84,128"
554,CON,$0.003540,PayCon,555,"23,042,604*","$1,388","$81,578"
555,GCC,$0.003765,GuccioneCoin,556,"20,285,537*",$862,"$76,377"
556,GLT,$0.003035,GlobalToken,557,"25,005,400",$849,"$75,880"
557,ADCN,$0.003035,Asiadigicoin,558,"24,931,054","$3,985","$75,655"
558,STV,$0.010139,Sativacoin,559,"7,084,844",$694,"$71,831"
559,ASAFE2,$0.008458,AllSafe,560,"8,030,000*","$4,581","$67,921"
560,BIP,$0.039800,BipCoin,561,"1,627,261",$535,"$64,765"
561,UET,$0.015285,Useless Ether...,562,"3,965,716*",$685,"$60,615"
562,RBT,$0.000514,Rimbit,563,"115,499,623*",$912,"$59,395"
563,XTC,$0.000587,TileCoin,564,"100,000,000*","$1,942","$58,733"
564,CMPCO,$0.000373,CampusCoin,565,"144,048,026","$2,290","$53,740"
565,CXT,$0.005969,Coinonat,566,"8,623,200",$527,"$51,470"
566,AMMO,$0.000618,Ammo Rewards,567,"77,777,777*",$531,"$48,078"
567,MSCN,$0.001054,Master Swiscoin,568,"43,662,400*","$1,737","$46,041"
568,LCP,$0.091823,Litecoin Plus,569,"494,562*",$641,"$45,412"
569,KRONE,$0.017121,Kronecoin,570,"2,443,656","$3,230","$41,839"
570,NEVA,$0.018068,NevaCoin,571,"2,298,875","$3,996","$41,537"
571,MND,$0.003259,MindCoin,572,"12,546,625",$612,"$40,894"
572,$$$,$0.000841,Money,573,"45,887,218","$4,887","$38,599"
573,CREVA,$0.001011,CrevaCoin,574,"36,390,750","$2,596","$36,780"
574,BSTAR,$0.000056,Blackstar,575,"630,795,971*","$1,389","$35,448"
575,JIO,$0.016578,JIO Token,576,"1,908,128*","$1,567","$31,632"
576,ACP,$0.006761,AnarchistsPrime,577,"4,394,874",$716,"$29,714"
577,LTCU,$0.034014,LiteCoin Ultra,578,"785,902","$2,334","$26,731"
578,CNC,$0.000607,CHNCoin,579,"42,117,967","$1,301","$25,551"
579,VIP,$0.000281,VIP Tokens,580,"83,450,403*","$1,084","$23,448"
580,WEX,$0.087460,Wexcoin,581,"252,927*","$1,059","$22,121"
581,WBC,$1.07,WalletBuilder...,582,"18,688*",$579,"$20,081"
582,ALTC,$0.000576,Antilitecoin,583,"31,512,613",$701,"$18,143"
583,KNC,$8.95,KingN Coin,584,"2,007*",$656,"$17,967"
584,FRAZ,$0.002173,Frazcoin,585,"8,120,322",$938,"$17,645"
585,VRS,$0.000024,Veros,586,"486,609,040*","$42,140","$11,447"
586,LBTC,$0.002564,LiteBitcoin,587,"3,188,280","$1,120","$8,173"
587,LVPS,$0.008226,LevoPlus,588,"975,226","$3,595","$8,022"
588,XNG,$0.421296,Enigma,589,"16,627","$1,628","$7,005"
589,EBT,$0.002721,Ebittree Coin,590,"1,222,941","$1,456","$3,328"
590,CF,$0.029559,Californium,591,"111,110",$533,"$3,284"
591,HMC,$0.005986,HarmonyCoin,592,"400,302","$16,803","$2,396"
592,DMB,$0.003372,Digital Money...,593,"421,300","$42,465","$1,421"
593,APW,$0.006350,AppleCoin,594,"48,002","$5,598",$305
594,ADK,$19.89,Aidos Kuneen,595,"10,200,000*",?,"$202,882,080"
595,ROUND,$0.006675,Round,596,"850,000,000*",Low Vol,"$5,673,512"
596,NSR,$0.001854,NuShares,597,"2,777,600,756*",Low Vol,"$5,150,922"
597,XTO,$0.168586,Tao,598,"30,503,273",Low Vol,"$5,142,425"
598,AC,$0.002164,AsiaCoin,599,"1,060,056,580",Low Vol,"$2,293,591"
599,YASH,$0.205113,YashCoin,600,"10,000,227*",Low Vol,"$2,051,177"
600,BPC,$0.025007,Bitpark Coin,601,"75,000,000*",Low Vol,"$1,875,518"
601,IXC,$0.087446,Ixcoin,602,"20,999,088*",Low Vol,"$1,836,282"
602,FYN,$2.11,FundYourselfNow,603,"850,000*",Low Vol,"$1,789,871"
603,ARC,$0.917086,Arcade Token,604,"1,874,245*",Low Vol,"$1,718,844"
604,ADC,$0.002000,AudioCoin,605,"823,224,059",Low Vol,"$1,646,794"
605,ADL,$0.069972,Adelphoi,606,"23,472,224*",Low Vol,"$1,642,408"
606,QRK,$0.006420,Quark,607,"251,729,076",Low Vol,"$1,616,227"
607,BITZ,$0.782777,Bitz,608,"1,990,891",Low Vol,"$1,558,424"
608,INPAY,$0.150716,InPay,609,"10,000,000*",Low Vol,"$1,507,160"
609,CRYPT,$0.205005,CryptCoin,610,"6,057,608",Low Vol,"$1,241,840"
610,ALT,$9.19,Altcoin,611,"122,175*",Low Vol,"$1,123,069"
611,LOG,$0.138578,Woodcoin,612,"8,035,193",Low Vol,"$1,113,501"
612,AHT,$0.136235,Bowhead,613,"8,000,000*",Low Vol,"$1,089,880"
613,NKA,$0.000107,IncaKoin,614,"10,209,145,685",Low Vol,"$1,089,837"
614,FUCK,$0.018815,FuckToken,615,"51,393,078*",Low Vol,"$966,966"
615,MAX,$0.015847,MaxCoin,616,"60,547,973",Low Vol,"$959,510"
616,METAL,$0.011520,MetalCoin,617,"76,925,527*",Low Vol,"$886,182"
617,TOKEN,$0.000056,SwapToken,618,"15,320,585,365*",Low Vol,"$860,945"
618,KEK,$0.079011,KekCoin,619,"10,238,028*",Low Vol,"$808,913"
619,CARBON,$0.000052,Carboncoin,620,"15,391,999,386",Low Vol,"$807,823"
620,SDC,$0.118285,ShadowCash,621,"6,695,133*",Low Vol,"$791,934"
621,HERO,$159.85,Sovereign Hero,622,"4,773*",Low Vol,"$762,974"
622,FNC,$0.057269,FinCoin,623,"12,878,667*",Low Vol,"$737,554"
623,ITI,$22.46,iTicoin,624,"32,000*",Low Vol,"$718,746"
624,USC,$0.065681,Ultimate Secu...,625,"10,343,113",Low Vol,"$679,344"
625,E4ROW,$0.160661,E4ROW,626,"4,188,000*",Low Vol,"$672,848"
626,MBI,$0.039337,Monster Byte,627,"16,822,736*",Low Vol,"$661,751"
627,NOBL,$0.000280,NobleCoin,628,"2,307,569,101",Low Vol,"$645,602"
628,COXST,$0.023129,CoExistCoin,629,"27,100,000*",Low Vol,"$626,801"
629,SMC,$0.026121,SmartCoin,630,"23,384,718",Low Vol,"$610,839"
630,RC,$0.072155,RussiaCoin,631,"8,216,446",Low Vol,"$592,856"
631,GRE,$0.000171,Greencoin,632,"3,440,536,641*",Low Vol,"$587,716"
632,UFO,$0.000169,UFO Coin,633,"3,440,826,262",Low Vol,"$580,075"
633,DFT,$0.320601,DraftCoin,634,"1,788,510*",Low Vol,"$573,398"
634,CASINO,$0.556392,Casino,635,"1,000,000*",Low Vol,"$556,392"
635,RUSTBITS,$0.014759,Rustbits,636,"35,300,866*",Low Vol,"$520,995"
636,XCN,$0.001345,Cryptonite,637,"362,915,867",Low Vol,"$488,187"
637,TAG,$0.078730,TagCoin,638,"5,770,117",Low Vol,"$454,280"
638,MZC,$0.000339,MazaCoin,639,"1,322,763,759",Low Vol,"$448,480"
639,RIYA,$0.282036,Etheriya,640,"1,581,531*",Low Vol,"$446,049"
640,AMBER,$0.009834,AmberCoin,641,"43,699,481",Low Vol,"$429,749"
641,BTSR,$0.128038,BTSR,642,"3,285,250*",Low Vol,"$420,637"
642,TROLL,$0.000723,Trollcoin,643,"562,558,033",Low Vol,"$406,783"
643,HBN,$0.006631,HoboNickels,644,"59,696,358",Low Vol,"$395,850"
644,BTB,$11.24,BitBar,645,"34,639",Low Vol,"$389,308"
645,MAC,$0.019330,Machinecoin,646,"20,015,850",Low Vol,"$386,902"
646,GLC,$0.005788,GlobalCoin,647,"65,171,010",Low Vol,"$377,218"
647,ORB,$0.121351,Orbitcoin,648,"3,052,783",Low Vol,"$370,458"
648,ANC,$0.173417,Anoncoin,649,"2,110,317",Low Vol,"$365,965"
649,I0C,$0.017140,I0Coin,650,"20,982,824",Low Vol,"$359,637"
650,UIS,$0.007524,Unitus,651,"46,785,866",Low Vol,"$352,015"
651,BUCKS,$1.22,SwagBucks,652,"288,368",Low Vol,"$351,777"
652,BLOCKPAY,$0.058767,BlockPay,653,"5,428,300*",Low Vol,"$319,004"
653,DVC,$0.000021,Devcoin,654,"14,860,357,500",Low Vol,"$311,023"
654,PIGGY,$0.000623,Piggycoin,655,"485,266,228",Low Vol,"$302,105"
655,TALK,$0.004505,BTCtalkcoin,656,"65,290,635",Low Vol,"$294,136"
656,SWING,$0.103408,Swing,657,"2,616,967",Low Vol,"$270,615"
657,AU,$0.889254,AurumCoin,658,"296,216",Low Vol,"$263,411"
658,CAGE,$0.000003,CageCoin,659,"101,168,328,395",Low Vol,"$262,124"
659,8BIT,$0.223466,8Bit,660,"1,164,415*",Low Vol,"$260,207"
660,PXC,$0.004253,Phoenixcoin,661,"61,131,185",Low Vol,"$259,975"
661,STS,$0.000430,Stress,662,"565,134,332",Low Vol,"$243,260"
662,MNM,$0.024935,Mineum,663,"9,436,367",Low Vol,"$235,297"
663,KRS,$0.009377,Krypstal,664,"25,008,253*",?,"$234,491"
664,XPY,$0.019347,PayCoin,665,"11,807,973",Low Vol,"$228,445"
665,ICN,$0.007811,iCoin,666,"29,054,169",Low Vol,"$226,946"
666,UNIT,$0.017042,Universal Cur...,667,"13,046,431",Low Vol,"$222,340"
667,GAIA,$0.009130,GAIA,668,"24,101,381*",Low Vol,"$220,037"
668,FLT,$0.000674,FlutterCoin,669,"322,214,524",Low Vol,"$217,235"
669,BTCS,$0.013210,Bitcoin Scrypt,670,"16,378,950",Low Vol,"$216,372"
670,PSB,$0.006462,Pesobit,671,"33,394,520*",Low Vol,"$215,811"
671,BTWTY,"$201,074",Bit20,672,1.016*,Low Vol,"$204,291"
672,OPAL,$0.013232,Opal,673,"15,142,244*",Low Vol,"$200,365"
673,CNO,$0.001861,Coin(O),674,"105,147,088",Low Vol,"$195,673"
674,USDE,$0.000169,USDe,675,"1,134,227,496",Low Vol,"$191,215"
675,RBX,$0.000501,Ripto Bux,676,"381,236,123*",Low Vol,"$191,032"
676,BXT,$0.341424,BitTokens,677,"558,000",Low Vol,"$190,515"
677,FLY,$0.903452,Flycoin,678,"210,806*",Low Vol,"$190,453"
678,VIDZ,$0.001519,PureVidz,679,"125,279,775*",Low Vol,"$190,311"
679,UNI,$0.022388,Universe,680,"8,320,552*",Low Vol,"$186,285"
680,TRK,$0.001255,Truckcoin,681,"147,030,660*",Low Vol,"$184,468"
681,FUNK,$0.000004,The Cypherfunks,682,"45,994,357,500",Low Vol,"$182,117"
682,VAL,$0.000046,Valorbit,683,"3,945,373,352",Low Vol,"$180,602"
683,SLG,$0.042869,Sterlingcoin,684,"4,187,363",Low Vol,"$179,509"
684,CAP,$0.000954,Bottlecaps,685,"186,553,048",Low Vol,"$178,056"
685,NYAN,$0.000540,Nyancoin,686,"315,388,648",Low Vol,"$170,268"
686,BUN,$0.000002,BunnyCoin,687,"102,114,338,087",Low Vol,"$169,226"
687,WAY,$0.001686,WayGuide,688,"100,040,708*",Low Vol,"$168,655"
688,BITSILVER,$18.44,bitSilver,689,"8,820*",Low Vol,"$162,649"
689,LOT,$0.000011,LottoCoin,690,"14,491,014,421",Low Vol,"$161,889"
690,SMOKE,$0.012075,Smoke,691,"13,379,987*",Low Vol,"$161,570"
691,TEK,$0.000114,TEKcoin,692,"1,414,054,562",Low Vol,"$161,413"
692,CNNC,$0.063496,Cannation,693,"2,476,893",Low Vol,"$157,273"
693,HONEY,$0.588049,Honey,694,"266,615",Low Vol,"$156,783"
694,UNIC,$0.052630,UniCoin,695,"2,952,602",Low Vol,"$155,394"
695,Q2C,$0.000618,QubitCoin,696,"248,073,214",Low Vol,"$153,346"
696,GOOD,$0.000343,Goodomy,697,"441,349,000*",Low Vol,"$151,250"
697,CYP,$0.023453,Cypher,698,"6,365,285*",Low Vol,"$149,285"
698,CORG,$0.000116,CorgiCoin,699,"1,251,855,418*",Low Vol,"$144,961"
699,FRC,$0.004833,Freicoin,700,"29,070,205",Low Vol,"$140,490"
700,CUBE,$0.000057,DigiCube,701,"2,429,126,009*",Low Vol,"$139,282"
701,PX,$0.001517,PX,702,"91,381,169",Low Vol,"$138,650"
702,LTB,$0.178591,LiteBar,703,"758,193",Low Vol,"$135,406"
703,GP,$0.110854,GoldPieces,704,"1,220,161*",Low Vol,"$135,260"
704,SLM,$0.008991,Slimcoin,705,"14,937,439",Low Vol,"$134,306"
705,SAC,$0.056195,SACoin,706,"2,361,470",Low Vol,"$132,704"
706,CHESS,$0.002455,ChessCoin,707,"54,032,769*",Low Vol,"$132,675"
707,KLC,$0.000674,KiloCoin,708,"196,297,971",Low Vol,"$132,372"
708,KUSH,$0.024288,KushCoin,709,"5,445,516",Low Vol,"$132,262"
709,CFT,$0.002872,CryptoForecast,710,"46,000,000*",Low Vol,"$132,103"
710,PUTIC,$0.003847,Putin Classic,711,"34,264,989",?,"$131,808"
711,SPEX,$0.000046,SproutsExtreme,712,"2,866,607,586*",Low Vol,"$131,682"
712,XGR,$0.007586,GoldReserve,713,"17,171,382",Low Vol,"$130,268"
713,XRE,$0.005799,RevolverCoin,714,"22,173,200",Low Vol,"$128,593"
714,GAP,$0.010957,Gapcoin,715,"11,721,056",Low Vol,"$128,429"
715,ACOIN,$0.104922,Acoin,716,"1,220,085",Low Vol,"$128,014"
716,BTCR,$0.000750,Bitcurrency,717,"169,598,616*",Low Vol,"$127,184"
717,GUN,$0.000657,Guncoin,718,"193,317,178",Low Vol,"$127,072"
718,FUNC,$0.021528,FUNCoin,719,"5,848,581*",Low Vol,"$125,906"
719,TGC,$0.002866,Tigercoin,720,"43,536,800",Low Vol,"$124,775"
720,JIN,$0.012464,Jin Coin,721,"9,848,485",Low Vol,"$122,752"
721,XCT,$0.000775,C-Bit,722,"157,223,250",Low Vol,"$121,853"
722,J,$0.048574,Joincoin,723,"2,448,402",Low Vol,"$118,928"
723,BIGUP,$0.000056,BigUp,724,"2,096,055,086",Low Vol,"$118,277"
724,C2,$0.001180,Coin2.1,725,"99,976,323*",Low Vol,"$117,982"
725,UNITS,$0.033040,GameUnits,726,"3,472,983*",Low Vol,"$114,746"
726,KED,$0.008623,Darsek,727,"13,170,725",Low Vol,"$113,571"
727,FLAX,$0.020173,Flaxscript,728,"5,577,881",Low Vol,"$112,524"
728,EMD,$0.005883,Emerald Crypto,729,"19,117,129",Low Vol,"$112,473"
729,XPD,$0.001722,PetroDollar,730,"63,993,275",Low Vol,"$110,187"
730,ZUR,$0.001292,Zurcoin,731,"84,806,064",Low Vol,"$109,610"
731,GRT,$0.002529,Grantcoin,732,"42,601,968*",Low Vol,"$107,731"
732,NDAO,$0.617643,NeuroDAO,733,"173,532*",Low Vol,"$107,181"
733,SPACE,$0.005360,SpaceCoin,734,"19,984,313",Low Vol,"$107,116"
734,MAD,$0.000054,SatoshiMadness,735,"2,000,683,485*",Low Vol,"$107,087"
735,ELE,$0.004158,Elementrem,736,"25,620,244",Low Vol,"$106,541"
736,EVO,$0.033761,Evotion,737,"3,120,149",Low Vol,"$105,341"
737,KIC,$0.006970,KibiCoin,738,"14,701,000",Low Vol,"$102,466"
738,EVIL,$0.004865,Evil Coin,739,"21,020,383",Low Vol,"$102,257"
739,QCN,$0.016859,QuazarCoin,740,"6,044,911",Low Vol,"$101,909"
740,WMC,$0.008531,WMCoin,741,"11,527,489*",Low Vol,"$98,342"
741,FRK,$0.102164,Franko,742,"930,767",Low Vol,"$95,091"
742,XJO,$0.002787,Joulecoin,743,"34,009,208",Low Vol,"$94,771"
743,DUO,$0.315379,ParallelCoin,744,"299,656",Low Vol,"$94,505"
744,CACH,$0.022444,CacheCoin,745,"4,195,132",Low Vol,"$94,156"
745,LTBC,$0.000190,LTBcoin,746,"493,863,915*",Low Vol,"$94,018"
746,PASL,$0.025569,Pascal Lite,747,"3,621,250",Low Vol,"$92,591"
747,888,$0.001848,OctoCoin,748,"49,988,660",Low Vol,"$92,392"
748,020,$5.8e-07,020LondonCoin,749,"156,603,190,248",Low Vol,"$91,144"
749,BCF,$0.021579,BitcoinFast,750,"4,173,734",Low Vol,"$90,065"
750,XBTC21,$0.111604,Bitcoin 21,751,"793,108*",Low Vol,"$88,514"
751,ARCO,$0.061465,AquariusCoin,752,"1,414,895*",Low Vol,"$86,967"
752,MST,$0.134475,MustangCoin,753,"630,343",Low Vol,"$84,765"
753,ANTI,$0.004833,AntiBitcoin,754,"17,465,159",Low Vol,"$84,406"
754,ARG,$0.010115,Argentum,755,"8,266,588",Low Vol,"$83,618"
755,DRM,$0.033348,Dreamcoin,756,"2,449,568*",Low Vol,"$81,689"
756,ARB,$0.010539,ARbit,757,"7,446,585",Low Vol,"$78,480"
757,SPT,$0.003483,Spots,758,"22,406,021",Low Vol,"$78,034"
758,CAT,$0.012869,Catcoin,759,"6,039,150",Low Vol,"$77,716"
759,300,$258.50,300 Token,760,300*,Low Vol,"$77,549"
760,SLING,$0.071649,Sling,761,"1,074,095*",Low Vol,"$76,958"
761,FIRE,$0.776563,Firecoin,762,"98,412*",Low Vol,"$76,423"
762,HMP,$0.000056,HempCoin,763,"1,356,645,470",Low Vol,"$76,237"
763,MTM,$0.024729,MTMGaming,764,"3,000,000*",Low Vol,"$74,186"
764,GPU,$0.001827,GPU Coin,765,"40,477,042",Low Vol,"$73,946"
765,VEC2,$0.004496,Vector,766,"16,398,125",Low Vol,"$73,720"
766,MARS,$0.002582,Marscoin,767,"28,279,074",Low Vol,"$73,003"
767,ARI,$0.000520,Aricoin,768,"140,262,505",Low Vol,"$72,893"
768,CRX,$0.000975,Chronos,769,"73,729,962",Low Vol,"$71,907"
769,SRC,$0.008820,SecureCoin,770,"8,128,571",Low Vol,"$71,694"
770,HAL,$0.013487,Halcyon,771,"5,111,241",Low Vol,"$68,935"
771,PONZI,$0.079516,PonziCoin,772,"861,099",Low Vol,"$68,471"
772,URC,$0.009722,Unrealcoin,773,"7,024,402",Low Vol,"$68,290"
773,RED,$0.000899,RedCoin,774,"74,107,896",Low Vol,"$66,588"
774,BUMBA,$0.002978,BumbaCoin,775,"22,316,236",Low Vol,"$66,464"
775,DBTC,$0.003681,Debitcoin,776,"17,999,373",Low Vol,"$66,264"
776,DIBC,$0.013156,DIBCOIN,777,"5,000,000*",Low Vol,"$65,781"
777,GTC,$0.002192,Global Tour Coin,778,"29,702,330",Low Vol,"$65,096"
778,SCRT,$0.014948,SecretCoin,779,"4,228,672*",Low Vol,"$63,210"
779,4CHN,$0.009466,ChanCoin,780,"6,676,871",Low Vol,"$63,203"
780,ISL,$0.041291,IslaCoin,781,"1,513,704*",Low Vol,"$62,503"
781,ICOB,$0.000585,ICOBID,782,"106,082,162*",Low Vol,"$62,031"
782,QTL,$0.008037,Quatloo,783,"7,686,181",Low Vol,"$61,772"
783,WORM,$0.000562,HealthyWormCoin,784,"109,555,653",Low Vol,"$61,565"
784,BLRY,$0.006631,BillaryCoin,785,"8,990,591",Low Vol,"$59,617"
785,VC,$0.005732,VirtualCoin,786,"10,064,287",Low Vol,"$57,688"
786,TOR,$0.178905,Torcoin,787,"316,179",Low Vol,"$56,566"
787,611,$0.132168,SixEleven,788,"425,757",Low Vol,"$56,271"
788,URO,$0.046289,Uro,789,"1,207,310",Low Vol,"$55,885"
789,SOIL,$0.009783,SOILcoin,790,"5,702,048",Low Vol,"$55,781"
790,IMS,$0.010290,Independent M...,791,"5,368,934",Low Vol,"$55,246"
791,NRO,$0.001854,Neuro,792,"28,604,175",Low Vol,"$53,045"
792,BVC,$0.016645,BeaverCoin,793,"3,115,258",Low Vol,"$51,853"
793,KURT,$0.005181,Kurrent,794,"9,919,485",Low Vol,"$51,389"
794,BOST,$0.004271,BoostCoin,795,"11,855,487",Low Vol,"$50,633"
795,PHS,$0.020792,Philosopher S...,796,"2,429,219*",Low Vol,"$50,509"
796,BOAT,$0.002685,Doubloon,797,"18,547,845",Low Vol,"$49,805"
797,PLNC,$0.002866,PLNcoin,798,"17,089,600",Low Vol,"$48,978"
798,BRAIN,$0.004889,Braincoin,799,"9,781,744*",Low Vol,"$47,823"
799,CPN,$0.002427,CompuCoin,800,"19,615,019",Low Vol,"$47,604"
800,CMT,$0.054357,Comet,801,"872,830",Low Vol,"$47,444"
801,AGLC,$0.007024,AgrolifeCoin,802,"6,725,759*",Low Vol,"$47,245"
802,FLVR,$0.002248,FlavorCoin,803,"20,898,106*",Low Vol,"$46,975"
803,DES,$0.029053,Destiny,804,"1,600,000",Low Vol,"$46,485"
804,WARP,$0.042315,WARP,805,"1,095,224*",Low Vol,"$46,345"
805,ALL,$0.007474,Allion,806,"6,199,359",Low Vol,"$46,334"
806,MAR,$0.035045,Marijuanacoin,807,"1,319,832",Low Vol,"$46,254"
807,PULSE,$0.003203,Pulse,808,"14,298,972",Low Vol,"$45,801"
808,EUC,$0.003754,Eurocoin,809,"12,111,053",Low Vol,"$45,468"
809,VLTC,$0.001505,Vault Coin,810,"30,142,430",Low Vol,"$45,353"
810,ERY,$0.009236,Eryllium,811,"4,867,850",Low Vol,"$44,958"
811,ZYD,$0.007024,Zayedcoin,812,"6,243,840",Low Vol,"$43,859"
812,GPL,$0.177015,Gold Pressed ...,813,"242,765",Low Vol,"$42,973"
813,ATX,$0.002248,Artex Coin,814,"18,781,750",Low Vol,"$42,218"
814,JWL,$0.002079,Jewels,815,"20,181,636*",Low Vol,"$41,962"
815,JOBS,$0.000393,JobsCoin,816,"106,019,270",Low Vol,"$41,704"
816,GBC,$0.003609,GBCGoldCoin,817,"11,361,817",Low Vol,"$41,000"
817,MEOW,$0.000002,Kittehcoin,818,"23,905,669,976",Low Vol,"$40,800"
818,G3N,$0.005395,G3N,819,"7,561,891",Low Vol,"$40,795"
819,TAJ,$0.005445,TajCoin,820,"7,443,566",Low Vol,"$40,532"
820,CESC,$0.000281,CryptoEscudo,821,"144,105,100",Low Vol,"$40,490"
821,SOON,$0.003237,SoonCoin,822,"12,462,620*",Low Vol,"$40,343"
822,STEPS,$0.002148,Steps,823,"18,625,017*",Low Vol,"$40,001"
823,XCRE,$0.001923,Creatio,824,"20,520,514*",Low Vol,"$39,458"
824,BENJI,$0.001911,BenjiRolls,825,"20,227,945",Low Vol,"$38,648"
825,RPC,$0.043754,RonPaulCoin,826,"882,570",Low Vol,"$38,616"
826,HXX,$0.026374,Hexx,827,"1,454,364*",Low Vol,"$38,357"
827,BIOS,$0.001798,BiosCrypto,828,"20,821,709*",Low Vol,"$37,428"
828,QBK,$0.022230,Qibuck Asset,829,"1,671,679*",?,"$37,162"
829,TRADE,$0.005620,Tradecoin,830,"6,493,575",Low Vol,"$36,491"
830,ORLY,$0.000991,Orlycoin,831,"36,646,779",Low Vol,"$36,316"
831,ICON,$0.060691,Iconic,832,"592,894*",Low Vol,"$35,983"
832,POP,$0.000011,PopularCoin,833,"3,372,875,244",Low Vol,"$35,914"
833,IMX,$0.000315,Impact,834,"109,508,880",Low Vol,"$34,501"
834,TSTR,$0.006856,Tristar Coin,835,"5,027,857",Low Vol,"$34,470"
835,PHO,$0.000002,Photon,836,"19,709,480,290",Low Vol,"$34,413"
836,COAL,$0.007643,BitCoal,837,"4,500,000",Low Vol,"$34,392"
837,ZMC,$0.000056,ZetaMicron,838,"600,344,291*",Low Vol,"$33,737"
838,LEA,$0.000112,LeaCoin,839,"300,528,490",Low Vol,"$33,602"
839,GBT,$0.001573,GameBet Coin,840,"21,262,780*",Low Vol,"$33,456"
840,CTIC2,$0.003663,Coimatic 2.0,841,"9,112,500",Low Vol,"$33,383"
841,BTQ,$0.004439,BitQuark,842,"7,155,671",Low Vol,"$31,767"
842,LTCR,$0.001013,Litecred,843,"30,227,750",Low Vol,"$30,606"
843,LUNA,$0.019607,Luna Coin,844,"1,553,615",Low Vol,"$30,462"
844,PRX,$0.002436,Printerium,845,"11,821,728",Low Vol,"$28,801"
845,DRS,$0.000056,Digital Rupees,846,"510,802,961*",Low Vol,"$28,705"
846,RIDE,$0.000281,Ride My Car,847,"101,276,976*",Low Vol,"$28,457"
847,HKG,$0.001742,Hacker Gold,848,"16,110,893*",Low Vol,"$28,066"
848,OFF,$0.010061,Cthulhu Offer...,849,"2,622,213",Low Vol,"$26,383"
849,SONG,$0.000787,SongCoin,850,"32,565,300",Low Vol,"$25,619"
850,SFC,$0.001787,Solarflarecoin,851,"14,083,450",Low Vol,"$25,169"
851,MCRN,$0.000056,MACRON,852,"401,421,401*",Low Vol,"$22,558"
852,DLISK,$0.000225,DAPPSTER,853,"100,000,000*",Low Vol,"$22,478"
853,BSC,$0.004046,BowsCoin,854,"5,550,102",Low Vol,"$22,456"
854,TAGR,$0.000580,TAGRcoin,855,"38,669,634*",Low Vol,"$22,421"
855,MTLMC3,$0.000281,Metal Music Coin,856,"79,719,140",Low Vol,"$22,399"
856,SOCC,$0.016128,SocialCoin,857,"1,384,879",Low Vol,"$22,335"
857,BLZ,$0.000036,BlazeCoin,858,"608,557,394",Low Vol,"$21,946"
858,CRT,$0.269738,CRTCoin,859,"79,270",Low Vol,"$21,382"
859,XBTS,$0.013768,Beatcoin,860,"1,524,686",Low Vol,"$20,992"
860,EGO,$0.000342,EGO,861,"60,000,001*",Low Vol,"$20,493"
861,LIR,$0.000562,LetItRide,862,"36,074,074*",Low Vol,"$20,272"
862,CASH,$0.000731,Cashcoin,863,"27,251,500",Low Vol,"$19,908"
863,HVCO,$0.012869,High Voltage,864,"1,494,171*",Low Vol,"$19,228"
864,PEX,$0.007643,PosEx,865,"2,453,240",Low Vol,"$18,749"
865,VTA,$0.000003,Virtacoin,866,"5,201,310,113",Low Vol,"$18,163"
866,1CR,$0.193990,1CRedit,867,"88,213",?,"$17,112"
867,VPRC,$0.000022,VapersCoin,868,"780,124,964",Low Vol,"$16,966"
868,CONX,$0.022534,Concoin,869,"744,266",Low Vol,"$16,772"
869,DPAY,$0.000208,DPAY,870,"79,541,001",Low Vol,"$16,554"
870,IMPS,$0.000812,ImpulseCoin,871,"20,245,510",Low Vol,"$16,444"
871,XOC,$0.038494,Xonecoin,872,"420,000*",Low Vol,"$16,167"
872,OS76,$0.017701,OsmiumCoin,873,"894,026",Low Vol,"$15,826"
873,SLEVIN,$0.000225,Slevin,874,"70,000,000*",Low Vol,"$15,735"
874,BIOB,$0.017645,BioBar,875,"885,756*",Low Vol,"$15,629"
875,ZNE,$0.005844,Zonecoin,876,"2,581,970",Low Vol,"$15,090"
876,RSGP,$8.66,RSGPcoin,877,"1,726*",Low Vol,"$14,942"
877,SH,$0.003404,Shilling,878,"4,334,350*",Low Vol,"$14,754"
878,IBANK,$0.003255,iBank,879,"4,526,324",Low Vol,"$14,733"
879,CAB,$0.001390,Cabbage,880,"10,499,996*",Low Vol,"$14,592"
880,SANDG,$0.004664,Save and Gain,881,"3,064,800",Low Vol,"$14,295"
881,SCS,$0.054172,Speedcash,882,"261,831",Low Vol,"$14,184"
882,DOLLAR,$0.017421,Dollar Online,883,"753,776",Low Vol,"$13,131"
883,FUZZ,$0.002641,FuzzBalls,884,"4,829,945",Low Vol,"$12,757"
884,MILO,$0.001180,MiloCoin,885,"10,789,954",Low Vol,"$12,733"
885,MGM,$0.003259,Magnum,886,"3,836,070",Low Vol,"$12,503"
886,BNX,$0.000506,BnrtxCoin,887,"24,075,001",Low Vol,"$12,176"
887,NANOX,"$151,727",Project-X,888,0.078264*,Low Vol,"$11,875"
888,REV,$0.008991,Revenu,889,"1,195,525",Low Vol,"$10,749"
889,CCM100,$0.002906,CCMiner,890,"3,360,417*",Low Vol,"$9,764"
890,SDP,$0.057825,SydPak,891,"159,397*",Low Vol,"$9,217"
891,ARGUS,$0.006949,Argus,892,"1,148,324",Low Vol,"$7,980"
892,P7C,$0.000225,P7Coin,893,"35,220,238",Low Vol,"$7,917"
893,VOLT,$0.000506,Bitvolt,894,"15,112,554*",Low Vol,"$7,643"
894,GEERT,$0.001457,GeertCoin,895,"5,091,200",Low Vol,"$7,416"
895,DIX,$7.2e-08,Dix Asset,896,"100,000,000,000*",Low Vol,"$7,196"
896,ELS,$0.001686,Elysium,897,"4,005,012",Low Vol,"$6,752"
897,XRC,$0.009362,Rawcoin,898,"704,882",Low Vol,"$6,599"
898,SLFI,$0.000056,Selfiecoin,899,"107,829,281",Low Vol,"$6,059"
899,OCEAN,$0.026583,BurstOcean,900,"211,827*",Low Vol,"$5,631"
900,NODC,$0.002978,NodeCoin,901,"1,678,439",Low Vol,"$4,999"
901,SOJ,$0.008989,Sojourn,902,"485,214",Low Vol,"$4,361"
902,PIZZA,$0.002360,PizzaCoin,903,"1,377,917",Low Vol,"$3,252"
903,DRAGON,$0.007982,BTCDragon,904,"403,189*",?,"$3,218"
904,BQC,$0.000056,BBQCoin,905,"50,765,854",Low Vol,"$2,853"
905,PWR,$0.000056,Powercoin,906,"49,983,870",Low Vol,"$2,809"
906,MNC,$0.000562,MantraCoin,907,"4,650,380*",Low Vol,"$2,613"
907,LEX,$0.001935,Lex4All,908,"1,000,000*",Low Vol,"$1,935"
908,ULA,$0.015012,Ulatech,909,"96,601",Low Vol,"$1,450"
909,MUG,$0.001113,MikeTheMug,910,"1,000,000*",Low Vol,"$1,113"
910,FDC,$0.000281,Future Digita...,911,"2,753,201",Low Vol,$774
911,ABN,$0.009723,Abncoin,912,"67,700",Low Vol,$658
912,ENV,$0.000005,Environ,913,"132,656,584*",Low Vol,$618
913,DGCS,$0.000056,Digital Credits,914,"5,826,388",Low Vol,$327
914,XEN,$0.010543,Xenixcoin,915,"10,100",?,$106
915,CALC,$0.001089,CaliphCoin,916,"87,140",Low Vol,$95
916,GBG,$0.169204,Golos Gold,917,?*,"$4,928,360",?
917,ENG,$0.625570,Enigma,918,?*,"$3,696,710",?
918,INF,$0.008046,InfChain,919,?,"$3,678,470",?
919,DMC,$1.00,DynamicCoin,920,?,"$910,426",?
920,FRGC,$7.30,Fargocoin,921,?,"$751,967",?
921,XTZ,$2.41,Tezos (Pre-La...,922,?,"$675,769",?
922,ACT,$0.071537,Achain,923,?*,"$634,531",?
923,FLIK,$0.109483,FLiK,924,?*,"$477,204",?
924,BSN,$0.021354,Bastonet,925,?*,"$457,160",?
925,KLN,$1.86,Kolion,926,?,"$378,236",?
926,EBST,$0.128687,eBoost,927,?*,"$264,922",?
927,CNX,$2.70,Cryptonex,928,?,"$232,884",?
928,MSD,$0.030907,MSD,929,?*,"$216,484",?
929,XIN,$0.016683,Infinity Econ...,930,?*,"$182,397",?
930,TER,$8.98,TerraNova,931,?,"$167,014",?
931,XID,$0.292858,Sphre AIR,932,?*,"$147,641",?
932,XBG,$0.006294,BTCGold,933,?,"$112,385",?
933,YOYOW,$0.039170,YOYOW,934,?*,"$112,166",?
934,ZSC,$0.030905,Zeusshield,935,?*,"$94,016",?
935,THS,$0.573569,TechShares,936,?*,"$89,125",?
936,ORME,$0.554272,Ormeus Coin,937,?*,"$77,363",?
937,BQ,$0.023815,bitqy,938,?*,"$75,958",?
938,CCT,$1.69,Crystal Clear,939,?*,"$68,921",?
939,SJCX,$0.515367,Storjcoin X,940,?*,"$53,616",?
940,WHL,$0.261439,WhaleCoin,941,?,"$49,367",?
941,REGA,$0.002641,Regacoin,942,?,"$41,086",?
942,CLUB,$0.458329,ClubCoin,943,?*,"$40,285",?
943,AURS,$3.20,Aureus,944,?*,"$38,865",?
944,SDRN,$0.009529,Senderon,945,?*,"$34,779",?
945,RHOC,$0.202717,RChain,946,?*,"$32,074",?
946,IND,$0.102234,Indorse Token,947,?*,"$27,867",?
947,BTU,$333.00,Bitcoin Unlim...,948,?,"$26,790",?
948,SND,$1.69,Sand Coin,949,?*,"$26,160",?
949,BTDX,$0.383333,Bitcloud,950,?,"$25,588",?
950,DEUS,$0.557289,DeusCoin,951,?,"$24,710",?
951,UGT,$0.319282,UG Token,952,?*,"$24,151",?
952,DFS,$0.026977,DFSCoin,953,?,"$20,759",?
953,BUZZ,$0.000356,BuzzCoin,954,?,"$20,417",?
954,ECASH,$0.039772,ethereumcash,955,?*,"$19,878",?
955,COR,$0.841191,CORION,956,?*,"$18,081",?
956,GOKU,$0.008774,Gokucoin,957,?,"$14,611",?
957,COLX,$0.000166,ColossusCoinXT,958,?,"$14,256",?
958,YOC,$0.001870,Yocoin,959,?*,"$13,348",?
959,COB,$0.056959,Cobinhood,960,?*,"$13,252",?
960,DAY,$5.43,Chronologic,961,?*,"$12,221",?
961,SIGMA,$0.040759,SIGMAcoin,962,?*,"$11,815",?
962,FLASH,$0.005563,Flash,963,?*,"$11,700",?
963,MCR,$5.49,Macro,964,?*,"$11,489",?
964,WA,$0.015060,WA Space,965,?,"$10,364",?
965,MBL,$0.001405,MobileCash,966,?,"$10,084",?
966,MGC,$0.004664,GulfCoin,967,?,"$9,969",?
967,PCS,$0.095139,Pabyosi Coin ...,968,?,"$9,404",?
968,HGT,$0.023377,HelloGold,969,?*,"$8,531",?
969,BTCZ,$0.002585,BitcoinZ,970,?,"$8,306",?
970,MG,$0.012363,Mind Gene,971,?,"$6,826",?
971,XID,$0.005226,International...,972,?,"$6,805",?
972,ETX,$2.59,Etherx,973,?*,"$6,305",?
973,STEX,$0.110416,STEX,974,?*,"$5,508",?
974,MTNC,$0.069204,Masternodecoin,975,?*,"$4,037",?
975,OX,$0.014286,OX Fina,976,?*,"$3,806",?
976,SAK,$0.002080,Sharkcoin,977,?,"$3,791",?
977,GUC,$1.12,GoldUnionCoin,978,?*,"$3,719",?
978,XTD,$0.000056,XTD Coin,979,?,"$3,614",?
979,TYC,$0.125203,Tyrocoin,980,?,"$3,462",?
980,GSR,$0.100860,GeyserCoin,981,?,"$2,811",?
981,NAMO,$0.000281,NamoCoin,982,?,"$2,429",?
982,ZBC,$0.050529,Zilbercoin,983,?*,"$2,375",?
983,HNC,$0.002248,Huncoin,984,?,"$2,311",?
984,XQN,$0.005282,Quotient,985,?*,"$2,209",?
985,IQT,$0.512864,iQuant,986,?*,"$2,120",?
986,ACC,$0.272899,AdCoin,987,?,"$1,943",?
987,KEXCOIN,$13.91,KexCoin,988,?*,"$1,926",?
988,MRJA,$0.018263,GanjaCoin,989,?,"$1,708",?
989,WILD,$0.108741,Wild Crypto,990,?*,"$1,564",?
990,MEN,$0.000618,PeopleCoin,991,?,"$1,473",?
991,MINEX,$0.041007,Minex,992,?*,"$1,396",?
992,PRN,$0.000051,Protean,993,?*,"$1,255",?
993,ELTC2,$0.001087,eLTC,994,?*,"$1,157",?
994,LDCN,$0.002079,LandCoin,995,?*,"$1,144",?
995,MARX,$0.001545,MarxCoin,996,?,"$1,143",?
996,KAYI,$0.000776,Kayicoin,997,?*,"$1,138",?
997,EFYT,$6.70,Ergo,998,?*,"$1,099",?
998,AMS,$0.003665,AmsterdamCoin,999,?,"$1,091",?
999,SHND,$4.4e-08,StrongHands,1000,?,"$1,029",?
1000,PRIMU,$0.000232,Primulon,1001,?,$932,?
1001,PAC,$1.6e-07,Paccoin,1002,?,$909,?
1002,BUB,$0.056195,Bubble,1003,?*,$807,?
1003,UR,$0.000785,UR,1004,?,$796,?
1004,ETT,$0.046064,EncryptoTel [...,1005,?*,$795,?
1005,INDIA,$0.000450,India Coin,1006,?*,$772,?
1006,RUBIT,$0.003091,RubleBit,1007,?,$650,?
1007,WIC,$0.006784,Wi Coin,1008,?*,$631,?
1008,FID,$0.112391,BITFID,1009,?*,$627,?
1009,XLC,$0.022949,LeviarCoin,1010,?*,$627,?
1010,ATMC,$1.12,ATMCoin,1011,?*,$554,?
1011,BAT,$0.000002,BatCoin,1012,?,$518,?
1012,PCN,$0.000015,PeepCoin,1013,?*,Low Vol,?
1013,MOTO,$0.009570,Motocoin,1014,?,Low Vol,?
1014,MRNG,$0.000843,MorningStar,1015,?*,Low Vol,?
1015,EDRC,$0.034638,EDRCoin,1016,?*,Low Vol,?
1016,FUTC,$0.002135,FutCoin,1017,?,Low Vol,?
1017,FLAP,$6.2e-07,FlappyCoin,1018,?,Low Vol,?
1018,HALLO,$0.000257,Halloween Coin,1019,?,Low Vol,?
1019,BITCF,$0.347624,First Bitcoin...,1020,?*,Low Vol,?
1020,ASC,$0.000840,AsicCoin,1021,?,Low Vol,?
1021,AIB,$0.006296,Advanced Inte...,1022,?,Low Vol,?
1022,BRAT,$0.000169,BRAT,1023,?*,Low Vol,?
1023,NBE,$0.000050,BitCentavo,1024,?,Low Vol,?
1024,LEPEN,$0.000100,LePen,1025,?*,Low Vol,?
1025,DASHS,$0.026974,Dashs,1026,?,Low Vol,?
1026,B@,$0.463132,Bankcoin,1027,?*,Low Vol,?
1027,EMV,$0.084915,Ethereum Movi...,1028,?*,Low Vol,?
1028,BET,$0.004756,BetaCoin,1029,?,Low Vol,?
1029,MAGN,$1.09,Magnetcoin,1030,?,Low Vol,?
1030,TLE,$0.089969,Tattoocoin (L...,1031,?*,Low Vol,?
1031,PRES,$0.004146,President Trump,1032,?*,Low Vol,?
1032,HYPER,$0.040546,Hyper,1033,?,Low Vol,?
1033,ASN,$0.005339,Aseancoin,1034,?,Low Vol,?
1034,9COIN,$0.013880,9COIN,1035,?*,Low Vol,?
1035,BLX,$1.52,Blockchain Index,1036,?*,Low Vol,?
1036,GRN,$0.012644,Granite,1037,?,Low Vol,?
1037,APC,$0.226355,AlpaCoin,1038,?,Low Vol,?
1038,SKR,$0.001292,Sakuracoin,1039,?,Low Vol,?
1039,BLAZR,$0.001781,BlazerCoin,1040,?,Low Vol,?
1040,BTG,$0.992015,Bitgem,1041,?,Low Vol,?
1041,RBBT,$0.000028,RabbitCoin,1042,?,Low Vol,?
1042,VOYA,$2.31,Voyacoin,1043,?,Low Vol,?
1043,TOPAZ,$0.218807,Topaz Coin,1044,?,Low Vol,?
1044,BXC,$0.002248,Bitcedi,1045,?,Low Vol,?
1045,SIFT,$3.40,Smart Investm...,1046,?*,Low Vol,?
1046,ZENGOLD,$0.067017,ZenGold,1047,?*,Low Vol,?
1047,WSX,$0.001349,WeAreSatoshi,1048,?,Low Vol,?
1048,WOW,$0.000064,Wowcoin,1049,?,Low Vol,?
1049,ACN,$0.000393,Avoncoin,1050,?*,Low Vol,?
1050,BIRDS,$0.000112,Birds,1051,?,Low Vol,?
1051,HDLB,$0.114863,HODL Bucks,1052,?*,Low Vol,?
1052,OP,$0.000955,Operand,1053,?*,Low Vol,?
1053,TODAY,$0.000843,TodayCoin,1054,?,Low Vol,?
1054,YES,$0.000040,Yescoin,1055,?,Low Vol,?
1055,SUR,$3.43,Suretly,1056,?*,Low Vol,?
1056,TCOIN,$0.000061,T-coin,1057,?,Low Vol,?
1057,ZSE,$0.008540,ZSEcoin,1058,?,Low Vol,?
1058,AMIS,$1708.62,AMIS,1059,?*,Low Vol,?
1059,SKULL,$0.005058,Pirate Blocks,1060,?,Low Vol,?
1060,DON,$0.000506,Donationcoin,1061,?,Low Vol,?
1061,SNAKE,$0.034798,SnakeEyes,1062,?*,Low Vol,?
1062,IVZ,$0.341892,InvisibleCoin,1063,?*,Low Vol,?
1063,COUPE,$0.000003,Coupecoin,1064,?*,Low Vol,?
1064,XAU,$0.018657,Xaucoin,1065,?,Low Vol,?
1065,CYDER,$0.000731,Cyder,1066,?*,Low Vol,?
1066,SFE,$0.000056,SafeCoin,1067,?,Low Vol,?
1067,DISK,$0.000787,DarkLisk,1068,?,Low Vol,?
1068,OCOW,$0.004158,OCOW,1069,?,Low Vol,?
1069,WINK,$0.000232,Wink,1070,?*,Low Vol,?
1070,HCC,$0.000337,Happy Creator...,1071,?*,Low Vol,?
1071,TOP,$0.000843,TopCoin,1072,?,Low Vol,?
1072,DBG,$0.003147,Digital Bulli...,1073,?*,Low Vol,?
1073,FFC,$0.000056,FireFlyCoin,1074,?,Low Vol,?
1074,MMXVI,$0.002866,MMXVI,1075,?,Low Vol,?
1075,TERA,$0.000056,TeraCoin,1076,?,Low Vol,?
1076,SKC,$0.002304,Skeincoin,1077,?,Low Vol,?
1077,ROYAL,$0.005114,RoyalCoin,1078,?,Low Vol,?
1078,LAZ,$0.001573,Lazaruscoin,1079,?*,Low Vol,?
1079,POKE,$0.000112,PokeCoin,1080,?,Low Vol,?
1080,UTA,$0.001798,UtaCoin,1081,?*,Low Vol,?
1081,AV,$0.028660,AvatarCoin,1082,?*,Low Vol,?
1082,ACES,$0.000101,Aces,1083,?*,Low Vol,?
1083,RHFC,$0.001236,RHFCoin,1084,?*,Low Vol,?
1084,SHA,$0.000843,SHACoin,1085,?,Low Vol,?
1085,QORA,$0.112564,Qora,1086,?*,Low Vol,?
1086,VGC,$0.000901,VegasCoin,1087,?,Low Vol,?
1087,QBC,$0.001180,Quebecoin,1088,?,Low Vol,?
1088,FRWC,$0.003540,FrankyWillCoin,1089,?,Low Vol,?
1089,BGR,$0.000029,Bongger,1090,?,Low Vol,?
1090,ABC,$15.86,Alphabit,1091,?*,Low Vol,?
1091,XSTC,$0.000056,Safe Trade Coin,1092,?*,Low Vol,?
1092,AXIOM,$0.010958,Axiom,1093,?,Low Vol,?
1093,GMX,$0.001573,GoldMaxCoin,1094,?*,Low Vol,?
1094,GBRC,$0.000169,Global Busine...,1095,?,Low Vol,?
1095,ANI,$0.000139,Animecoin,1096,?,Low Vol,?
1096,LTH,$0.000393,LAthaan,1097,?,Low Vol,?
1097,TELL,$0.000084,Tellurion,1098,?,Low Vol,?
1098,RICHX,$0.005676,RichCoin,1099,?,Low Vol,?
1099,PRM,$0.000899,PrismChain,1100,?*,Low Vol,?
1100,FC,$0.024792,Facecoin,1101,?*,Low Vol,?
1101,BEST,$0.001402,BestChain,1102,?,Low Vol,?
1102,UNRC,$0.000899,UniversalRoya...,1103,?*,Low Vol,?
1103,WEC,$0.112000,Wowecoin,1104,?*,Low Vol,?
1104,GAY,$0.013981,GAY Money,1105,?,Low Vol,?
1105,EXL,$0.000169,Excelcoin,1106,?,Low Vol,?
1106,PDG,$0.000169,PinkDog,1107,?,Low Vol,?
1107,MONEY,$0.000056,MoneyCoin,1108,?,Low Vol,?
1108,QBT,$0.001629,Cubits,1109,?,Low Vol,?
1109,TCR,$0.000393,TheCreed,1110,?,Low Vol,?
1110,TRICK,$0.007980,TrickyCoin,1111,?,Low Vol,?
1111,NBIT,$0.031301,netBit,1112,?*,Low Vol,?
1112,BAC,$0.002866,BitAlphaCoin,1113,?,Low Vol,?
1113,BITOK,$0.000051,Bitok,1114,?*,Low Vol,?
1114,CHEAP,$0.000169,Cheapcoin,1115,?*,Low Vol,?
1115,BIT,$0.013768,First Bitcoin,1116,?,Low Vol,?
1116,DUB,$0.001405,Dubstep,1117,?*,Low Vol,?
1117,XRY,$0.049763,Royalties,1118,?,Low Vol,?
1118,XVE,$0.000393,The Vegan Ini...,1119,?*,Low Vol,?
1119,IRL,$0.001686,IrishCoin,1120,?,Low Vol,?
1120,UNC,$0.000056,UNCoin,1121,?*,Low Vol,?
1121,FONZ,$0.000225,Fonziecoin,1122,?*,Low Vol,?
1122,CLINT,$0.007811,Clinton,1123,?*,Low Vol,?
1123,CME,$0.000112,Cashme,1124,?,Low Vol,?
1124,X2,$0.000112,X2,1125,?*,Low Vol,?
1125,OMC,$0.211688,Omicron,1126,?*,Low Vol,?
1126,ELC,$0.117729,Elacoin,1127,?,Low Vol,?
1127,MONETA,$0.000393,Moneta,1128,?,Low Vol,?
1128,SOUL,$0.000056,SoulCoin,1129,?,Low Vol,?
1129,TESLA,$0.903679,TeslaCoilCoin,1130,?*,Low Vol,?
1130,TEAM,$0.000167,TeamUp,1131,?*,Low Vol,?
1131,STCN,$1.77,Stakecoin,1132,?*,Low Vol,?
1132,CC,$0.000057,CyberCoin,1133,?*,Low Vol,?
1133,PAYP,$0.000055,PayPeer,1134,?,Low Vol,?
1134,MIU,$0.000048,MIYUCoin,1135,?,Low Vol,?
1135,SHELL,$0.033029,ShellCoin,1136,?*,Low Vol,?
1136,PEC,$0.012802,Peacecoin,1137,?*,Low Vol,?
1137,SYNC,$216.97,Sync,1138,?*,Low Vol,?
1138,CYC,$0.002167,Cycling Coin,1139,?*,Low Vol,?
1139,EGG,$0.020982,EggCoin,1140,?*,Low Vol,?
1140,NTCC,$0.000571,Neptune Classic,1141,?,Low Vol,?
1141,RCN,$0.000057,Rcoin,1142,?,Low Vol,?
1142,TURBO,$0.000057,TurboCoin,1143,?*,Low Vol,?
1143,GAIN,$0.000923,UGAIN,1144,?,Low Vol,?
1144,GOLF,$0.000048,Golfcoin,1145,?,Low Vol,?
1145,FAZZ,$0.001609,Fazzcoin,1146,?*,Low Vol,?
1146,VTY,$0.000046,Victoriouscoin,1147,?,Low Vol,?
1147,MAVRO,$0.007453,Mavro,1148,?,Low Vol,?
1148,DCRE,$0.160327,DeltaCredits,1149,?*,Low Vol,?
1149,OPES,$0.001620,Opescoin,1150,?,Low Vol,?
1150,GML,$0.008576,GameLeagueCoin,1151,?*,Low Vol,?
1151,XOT,$967.50,Internet of T...,1152,?*,Low Vol,?
1152,KARMA,$0.000048,Karmacoin,1153,?,Low Vol,?
1153,GARY,$0.145865,President Joh...,1154,?*,Low Vol,?
1154,SPORT,$0.000887,SportsCoin,1155,?*,Low Vol,?
1155,STRB,$0.000047,SuperTurboStake,1156,?*,Low Vol,?
1156,PSY,$0.015924,Psilocybin,1157,?,Low Vol,?
1157,CBD,$0.001564,CBD Crystals,1158,?*,Low Vol,?
1158,KASHH,$0.000052,KashhCoin,1159,?*,Low Vol,?
1159,PI,$0.003000,PiCoin,1160,?,Low Vol,?
1160,XDE2,$2.83,XDE II,1161,?*,Low Vol,?
1161,ANTX,$0.000033,Antimatter,1162,?,Low Vol,?
1162,LKC,$0.000226,LinkedCoin,1163,?,Low Vol,?
1163,AXF,$0.068043,AxFunds,1164,?,Low Vol,?
1164,MRC,$0.000046,microCoin,1165,?*,?,?
1165,BGC,$0.000741,BagCoin,1166,?,?,?
1166,FEDS,$0.000008,FedoraShare,1167,?*,?,?
1167,FBC,$0.000751,FiboCoins,1168,?,?,?
1168,DTF,$0.000451,Digitalfund,1169,?,?,?
